Old Goes Young,SortedByStudio/Old Goes Young
Spoiled Virgins,SortedByStudio/Spoiled Virgins
Strapon Service,SortedByStudio/Strapon Service
Tricky Old Teacher,SortedByStudio/Tricky Old Teacher
Young Anal Tryouts,SortedByStudio/Young Anal Tryouts
21Naturals,SortedByStudio/21Naturals
21Erotic Anal,SortedByStudio/21Erotic Anal
21Naturals,SortedByStudio/21Naturals
21seXtreme Network,SortedByStudio/21seXtreme Network
Grandpas Fuck Teens,SortedByStudio/Grandpas Fuck Teens
Old Young Lesbian Love,SortedByStudio/Old Young Lesbian Love
Pee and Blow,SortedByStudio/Pee and Blow
Speculum Plays,SortedByStudio/Speculum Plays
Teach me fisting,SortedByStudio/Teach me fisting
Zoliboy,SortedByStudio/Zoliboy
21Sextury Archived,SortedByStudio/21Sextury Archived
Dirty 101,SortedByStudio/Dirty 101
Dirty Orientals,SortedByStudio/Dirty Orientals
Fassinating,SortedByStudio/Fassinating
Flexy Pussy,SortedByStudio/Flexy Pussy
Horny Euro Sluts,SortedByStudio/Horny Euro Sluts
Lezbo Honeys,SortedByStudio/Lezbo Honeys
Magic Blondes,SortedByStudio/Magic Blondes
Open Air Pleasures,SortedByStudio/Open Air Pleasures
Pee Pee Babes,SortedByStudio/Pee Pee Babes
Playful hands,SortedByStudio/Playful hands
Sandra Shine Fans,SortedByStudio/Sandra Shine Fans
21Sextury Network,SortedByStudio/21Sextury Network
Aletta Ocean Empire,SortedByStudio/Aletta Ocean Empire
Anal Queen Alysa,SortedByStudio/Anal Queen Alysa
Anal Teen Angels,SortedByStudio/Anal Teen Angels
Anal Teen Club,SortedByStudio/Anal Teen Club
Asshole Fever,SortedByStudio/Asshole Fever
Blue Angel Live,SortedByStudio/Blue Angel Live
Bootyfull Babes,SortedByStudio/Bootyfull Babes
Brothas Fuck Teens,SortedByStudio/Brothas Fuck Teens
Busty Fever,SortedByStudio/Busty Fever
Butt Plays,SortedByStudio/Butt Plays
Cheating Whore Wives,SortedByStudio/Cheating Whore Wives
Club Sandy,SortedByStudio/Club Sandy
Cuties Galore,SortedByStudio/Cuties Galore
Daily Sex Dose,SortedByStudio/Daily Sex Dose
Deepthroat Frenzy,SortedByStudio/Deepthroat Frenzy
Dirty Milf Club,SortedByStudio/Dirty Milf Club
Do It Biatch,SortedByStudio/Do It Biatch
DP Fanatics,SortedByStudio/DP Fanatics
DP Overload,SortedByStudio/DP Overload
Enslaved Gals,SortedByStudio/Enslaved Gals
Footsie babes,SortedByStudio/Footsie babes
GapeLand,SortedByStudio/GapeLand
Hot Milf Club,SortedByStudio/Hot Milf Club
Intermixed Sluts,SortedByStudio/Intermixed Sluts
Juicy Butt Honeys,SortedByStudio/Juicy Butt Honeys
Lets Play Lez,SortedByStudio/Lets Play Lez
Lez Cuties,SortedByStudio/Lez Cuties
Lust For Anal,SortedByStudio/Lust For Anal
Lusty Busty Chix,SortedByStudio/Lusty Busty Chix
Mighty Rods,SortedByStudio/Mighty Rods
My Horny Asians,SortedByStudio/My Horny Asians
Nude Fight Club,SortedByStudio/Nude Fight Club
Only swallows,SortedByStudio/Only swallows
Oral Quickies,SortedByStudio/Oral Quickies
Pix & Video,SortedByStudio/Pix & Video
Sex City Asia,SortedByStudio/Sex City Asia
Sex with Kathia Nobili,SortedByStudio/Sex with Kathia Nobili
Squirting Files,SortedByStudio/Squirting Files
Sweet Sophie Moone,SortedByStudio/Sweet Sophie Moone
Teen Bitch Club,SortedByStudio/Teen Bitch Club
66-sites,SortedByStudio/66-sites
JanNudes,SortedByStudio/JanNudes
Alex Lynn,SortedByStudio/Alex Lynn
All Fine Girls,SortedByStudio/All Fine Girls
Alice Wonder Bang,SortedByStudio/Alice Wonder Bang
Beata Porn,SortedByStudio/Beata Porn
Ivana Fukalot,SortedByStudio/Ivana Fukalot
Natasha Shy,SortedByStudio/Natasha Shy
Sasha Blonde,SortedByStudio/Sasha Blonde
Skinny Super Girl,SortedByStudio/Skinny Super Girl
Vika Nymph,SortedByStudio/Vika Nymph
Young Legal Porn,SortedByStudio/Young Legal Porn
AllOver30,SortedByStudio/AllOver30
AmateurEuro,SortedByStudio/AmateurEuro
Casting Alla Italiana,SortedByStudio/Casting Alla Italiana
Casting Francais,SortedByStudio/Casting Francais
Deutschland Report,SortedByStudio/Deutschland Report
Hausfrau Ficken,SortedByStudio/Hausfrau Ficken
La Cochonne,SortedByStudio/La Cochonne
La Novice,SortedByStudio/La Novice
Las Folladoras,SortedByStudio/Las Folladoras
Reife Swinger,SortedByStudio/Reife Swinger
Scambisti Maturi,SortedByStudio/Scambisti Maturi
Sextape Germany,SortedByStudio/Sextape Germany
XXX Omas,SortedByStudio/XXX Omas
Amour Angels,SortedByStudio/Amour Angels
Anilos,SortedByStudio/Anilos
APD Nudes,SortedByStudio/APD Nudes
Aphroditas,SortedByStudio/Aphroditas
EuroNudes,SortedByStudio/EuroNudes
Flash in Public,SortedByStudio/Flash in Public
Nude in Public,SortedByStudio/Nude in Public
Nude in Russia,SortedByStudio/Nude in Russia
Apollo sites,SortedByStudio/Apollo sites
Exclusive Club,SortedByStudio/Exclusive Club
Exposed Nurses,SortedByStudio/Exposed Nurses
Gape My Pussy,SortedByStudio/Gape My Pussy
Milky Babes,SortedByStudio/Milky Babes
Archived,SortedByStudio/Archived
Archive1,SortedByStudio/Archive1
Archive2,SortedByStudio/Archive2
Archive3,SortedByStudio/Archive3
Archive4,SortedByStudio/Archive4
Archive5,SortedByStudio/Archive5
Archive6,SortedByStudio/Archive6
Archive7,SortedByStudio/Archive7
Archive8,SortedByStudio/Archive8
Archive9,SortedByStudio/Archive9
ATKingdom,SortedByStudio/ATKingdom
ATK Archives,SortedByStudio/ATK Archives
ATK Exotics,SortedByStudio/ATK Exotics
ATK Galleria,SortedByStudio/ATK Galleria
ATK Hairy,SortedByStudio/ATK Hairy
ATK Petites,SortedByStudio/ATK Petites
ATK Premium,SortedByStudio/ATK Premium
Aunt Judy's,SortedByStudio/Aunt Judy's
avErotica,SortedByStudio/avErotica
axelleparker.com,SortedByStudio/axelleparker.com
Aziani,SortedByStudio/Aziani
Amber at Home,SortedByStudio/Amber at Home
Aziani Xposed,SortedByStudio/Aziani Xposed
Club 24 Mainstreet,SortedByStudio/Club 24 Mainstreet
Dakota Rae Patrick,SortedByStudio/Dakota Rae Patrick
Demi Dantric,SortedByStudio/Demi Dantric
Heather Summers,SortedByStudio/Heather Summers
Lexxi Tyler,SortedByStudio/Lexxi Tyler
Mary Carey,SortedByStudio/Mary Carey
Nikki Nova,SortedByStudio/Nikki Nova
Priya Anjali Rai,SortedByStudio/Priya Anjali Rai
Rachel Aziani,SortedByStudio/Rachel Aziani
Racquel Devonshire,SortedByStudio/Racquel Devonshire
Tyler Faith,SortedByStudio/Tyler Faith
Babelicious,SortedByStudio/Babelicious
Babes,SortedByStudio/Babes
BangBros,SortedByStudio/BangBros
Ass Parade,SortedByStudio/Ass Parade
Avaspice,SortedByStudio/Avaspice
Backroom Facials,SortedByStudio/Backroom Facials
Backroom MILF,SortedByStudio/Backroom MILF
Ball Honeys,SortedByStudio/Ball Honeys
Bang Bros Worldwide,SortedByStudio/Bang Bros Worldwide
Bang Bus,SortedByStudio/Bang Bus
Bang Casting,SortedByStudio/Bang Casting
Bang POV,SortedByStudio/Bang POV
Bang Tryouts,SortedByStudio/Bang Tryouts
BangBros 18,SortedByStudio/BangBros 18
BangBros Angels,SortedByStudio/BangBros Angels
BangBros Casting,SortedByStudio/BangBros Casting
BangBros Clips,SortedByStudio/BangBros Clips
BangBros Remastered,SortedByStudio/BangBros Remastered
Big Ass Adventure,SortedByStudio/Big Ass Adventure
Big Mouthfuls,SortedByStudio/Big Mouthfuls
Big Tit Cream Pie,SortedByStudio/Big Tit Cream Pie
Big Tits Round Asses,SortedByStudio/Big Tits Round Asses
Blowjob Fridays,SortedByStudio/Blowjob Fridays
Blowjob Ninjas,SortedByStudio/Blowjob Ninjas
Boob Squad,SortedByStudio/Boob Squad
Brown Bunnies,SortedByStudio/Brown Bunnies
Busty Adventures,SortedByStudio/Busty Adventures
Can He Score,SortedByStudio/Can He Score
Chongas,SortedByStudio/Chongas
Colombia Fuck Fest,SortedByStudio/Colombia Fuck Fest
Dirty World Tour,SortedByStudio/Dirty World Tour
Dorm Invasion,SortedByStudio/Dorm Invasion
Facial Fest,SortedByStudio/Facial Fest
Fuck Team Five,SortedByStudio/Fuck Team Five
GloryHole Loads,SortedByStudio/GloryHole Loads
Ho in Headlights,SortedByStudio/Ho in Headlights
Latina Rampage,SortedByStudio/Latina Rampage
Living With Anna,SortedByStudio/Living With Anna
Magical Feet,SortedByStudio/Magical Feet
Milf Lessons,SortedByStudio/Milf Lessons
Milf Soup,SortedByStudio/Milf Soup
Monsters of Cock,SortedByStudio/Monsters of Cock
Mr Anal,SortedByStudio/Mr Anal
Mr. CamelToe,SortedByStudio/Mr. CamelToe
My Dirty Maid,SortedByStudio/My Dirty Maid
My Life In Brazil,SortedByStudio/My Life In Brazil
Newbie Black,SortedByStudio/Newbie Black
Party of Three,SortedByStudio/Party of Three
Pawg,SortedByStudio/Pawg
Penny Show,SortedByStudio/Penny Show
Porn Star Spa,SortedByStudio/Porn Star Spa
Power Munch,SortedByStudio/Power Munch
Public Bang,SortedByStudio/Public Bang
Public Invasion,SortedByStudio/Public Invasion
Slutty White Girls,SortedByStudio/Slutty White Girls
Stepmom Videos,SortedByStudio/Stepmom Videos
Street Ranger,SortedByStudio/Street Ranger
Tugjobs,SortedByStudio/Tugjobs
Working Latinas,SortedByStudio/Working Latinas
Blow Pass,SortedByStudio/Blow Pass
1000 Facials,SortedByStudio/1000 Facials
1st Interracial,SortedByStudio/1st Interracial
I Love Monster Cocks,SortedByStudio/I Love Monster Cocks
Immoral Live,SortedByStudio/Immoral Live
Its A Big Black Thing,SortedByStudio/Its A Big Black Thing
Love Your Tits,SortedByStudio/Love Your Tits
Meat My Ass,SortedByStudio/Meat My Ass
Mommy Blows Best,SortedByStudio/Mommy Blows Best
Only Teen BlowJobs,SortedByStudio/Only Teen BlowJobs
Share My Cock,SortedByStudio/Share My Cock
Soccer Mom Score,SortedByStudio/Soccer Mom Score
Stuffed Petite,SortedByStudio/Stuffed Petite
Throated,SortedByStudio/Throated
XXX Pillow Talk,SortedByStudio/XXX Pillow Talk
BlowGangGirls,SortedByStudio/BlowGangGirls
Brandi Belle,SortedByStudio/Brandi Belle
Brazzers,SortedByStudio/Brazzers
Asses In Public,SortedByStudio/Asses In Public
Baby Got Boobs,SortedByStudio/Baby Got Boobs
Big Boob Pass,SortedByStudio/Big Boob Pass
Big Butts Like It Big,SortedByStudio/Big Butts Like It Big
Big Tits At School,SortedByStudio/Big Tits At School
Big Tits At Work,SortedByStudio/Big Tits At Work
Big Tits In Sports,SortedByStudio/Big Tits In Sports
Big Tits In Uniform,SortedByStudio/Big Tits In Uniform
Big Wet Butts,SortedByStudio/Big Wet Butts
Brazzers Exxtra,SortedByStudio/Brazzers Exxtra
Brazzers Vault,SortedByStudio/Brazzers Vault
Busty & Real,SortedByStudio/Busty & Real
Bustyz,SortedByStudio/Bustyz
Butts & Blacks,SortedByStudio/Butts & Blacks
Clothed Female Nude Male,SortedByStudio/Clothed Female Nude Male
Day With A Pornstar,SortedByStudio/Day With A Pornstar
Dirty Masseur,SortedByStudio/Dirty Masseur
Doctor Adventures,SortedByStudio/Doctor Adventures
Hot and Mean,SortedByStudio/Hot and Mean
Hot Chicks Big Asses,SortedByStudio/Hot Chicks Big Asses
HQ Honeys,SortedByStudio/HQ Honeys
Jizz On My Jugs,SortedByStudio/Jizz On My Jugs
Jug Fuckers,SortedByStudio/Jug Fuckers
MILFs Like It Big,SortedByStudio/MILFs Like It Big
Mommy Got Boobs,SortedByStudio/Mommy Got Boobs
Moms In Control,SortedByStudio/Moms In Control
Pornstars Like it Big,SortedByStudio/Pornstars Like it Big
PornStars Punishment,SortedByStudio/PornStars Punishment
Racks & Blacks,SortedByStudio/Racks & Blacks
Real Wife Stories,SortedByStudio/Real Wife Stories
SexPro Adventures,SortedByStudio/SexPro Adventures
She's Gonna Squirt,SortedByStudio/She's Gonna Squirt
Teens Like It Big,SortedByStudio/Teens Like It Big
Teens Like It Black,SortedByStudio/Teens Like It Black
ZZ Series,SortedByStudio/ZZ Series
CFNM Show,SortedByStudio/CFNM Show
CherryPimps,SortedByStudio/CherryPimps
Clara-G,SortedByStudio/Clara-G
Colette,SortedByStudio/Colette
College Rules,SortedByStudio/College Rules
Culioneros,SortedByStudio/Culioneros
Chicas de Porno,SortedByStudio/Chicas de Porno
Chiva Culiona,SortedByStudio/Chiva Culiona
Costenas Locas,SortedByStudio/Costenas Locas
Cuchi Mami,SortedByStudio/Cuchi Mami
Mi Primer Porno,SortedByStudio/Mi Primer Porno
Nalgas Grandes,SortedByStudio/Nalgas Grandes
Por El Chiquito,SortedByStudio/Por El Chiquito
Sexo en Publico,SortedByStudio/Sexo en Publico
Tetangas Espanolas,SortedByStudio/Tetangas Espanolas
Tetonas Locas,SortedByStudio/Tetonas Locas
Cum Louder,SortedByStudio/Cum Louder
Amateur,SortedByStudio/Amateur
Boldly Girls,SortedByStudio/Boldly Girls
Breaking Asses,SortedByStudio/Breaking Asses
Chicas Malas,SortedByStudio/Chicas Malas
Culos en publico,SortedByStudio/Culos en publico
Cum Extreme,SortedByStudio/Cum Extreme
Cumlouder Tour,SortedByStudio/Cumlouder Tour
CumTrick,SortedByStudio/CumTrick
Domingas,SortedByStudio/Domingas
Ex-girlfriends,SortedByStudio/Ex-girlfriends
Fuckin Van,SortedByStudio/Fuckin Van
Give Me Spunk,SortedByStudio/Give Me Spunk
Handjob Goddess,SortedByStudio/Handjob Goddess
Hungry Cum Eaters,SortedByStudio/Hungry Cum Eaters
Latin Asses in Public,SortedByStudio/Latin Asses in Public
Living With a Pornstar,SortedByStudio/Living With a Pornstar
Living With Leyla,SortedByStudio/Living With Leyla
Pollas XL,SortedByStudio/Pollas XL
Porns Heros,SortedByStudio/Porns Heros
Pornstar Fisher,SortedByStudio/Pornstar Fisher
POV,SortedByStudio/POV
reventandoculos,SortedByStudio/reventandoculos
Seras Zorra,SortedByStudio/Seras Zorra
Spoof Porn,SortedByStudio/Spoof Porn
Street Suckers,SortedByStudio/Street Suckers
Stunning Butts,SortedByStudio/Stunning Butts
Sweet 18,SortedByStudio/Sweet 18
Dancing Bear,SortedByStudio/Dancing Bear
Deluxecoin sites,SortedByStudio/Deluxecoin sites
DoubleViewCasting,SortedByStudio/DoubleViewCasting
FirstAnalQuest,SortedByStudio/FirstAnalQuest
GF Rampage,SortedByStudio/GF Rampage
DeskBabes,SortedByStudio/DeskBabes
Digital Desire,SortedByStudio/Digital Desire
DirtyFlix sites,SortedByStudio/DirtyFlix sites
Disgrace That Bitch,SortedByStudio/Disgrace That Bitch
Fucking Glasses,SortedByStudio/Fucking Glasses
Make Him Cuckold,SortedByStudio/Make Him Cuckold
Moms Passions,SortedByStudio/Moms Passions
Private Casting X,SortedByStudio/Private Casting X
She Is Nerdy,SortedByStudio/She Is Nerdy
Trick Your GF,SortedByStudio/Trick Your GF
Tricky Agent,SortedByStudio/Tricky Agent
X Sensual,SortedByStudio/X Sensual
Young Courtesans,SortedByStudio/Young Courtesans
DogFart Network,SortedByStudio/DogFart Network
Barb Cummings,SortedByStudio/Barb Cummings
Black Meat White Feet,SortedByStudio/Black Meat White Feet
Blacks On Blondes,SortedByStudio/Blacks On Blondes
Blacks On Cougars,SortedByStudio/Blacks On Cougars
Candy Monroe,SortedByStudio/Candy Monroe
Cuckold Sessions,SortedByStudio/Cuckold Sessions
Cum Bang,SortedByStudio/Cum Bang
Dogfart Behind The Scenes,SortedByStudio/Dogfart Behind The Scenes
Glory Hole,SortedByStudio/Glory Hole
Gloryhole-Initiations,SortedByStudio/Gloryhole-Initiations
Interracial Blowbang,SortedByStudio/Interracial Blowbang
Interracial Pickups,SortedByStudio/Interracial Pickups
Katie Thomas,SortedByStudio/Katie Thomas
Ruth Blackwell,SortedByStudio/Ruth Blackwell
Spring Thomas,SortedByStudio/Spring Thomas
The Minion,SortedByStudio/The Minion
Watching My Daughter Go Black,SortedByStudio/Watching My Daughter Go Black
Watching My Mom Go Black,SortedByStudio/Watching My Mom Go Black
We Fuck Black Girls,SortedByStudio/We Fuck Black Girls
Wife Writing,SortedByStudio/Wife Writing
Zebra Girls,SortedByStudio/Zebra Girls
EroBerlin,SortedByStudio/EroBerlin
Erotic Art Photography,SortedByStudio/Erotic Art Photography
Evas Garden,SortedByStudio/Evas Garden
Eve Angel Website,SortedByStudio/Eve Angel Website
ExploitedX Network,SortedByStudio/ExploitedX Network
Exploited College Girls,SortedByStudio/Exploited College Girls
Fedorov HD,SortedByStudio/Fedorov HD
FemJoy,SortedByStudio/FemJoy
Ferr Art,SortedByStudio/Ferr Art
FerroNetwork,SortedByStudio/FerroNetwork
ActionMatures,SortedByStudio/ActionMatures
Anal Pantyhose,SortedByStudio/Anal Pantyhose
AnalSaga,SortedByStudio/AnalSaga
AnalScreen,SortedByStudio/AnalScreen
BackdoorLesbians,SortedByStudio/BackdoorLesbians
BoysLoveMatures,SortedByStudio/BoysLoveMatures
ePantyhoseLand,SortedByStudio/ePantyhoseLand
FeetScreen,SortedByStudio/FeetScreen
Foot-Orgies,SortedByStudio/Foot-Orgies
GirlsForMatures,SortedByStudio/GirlsForMatures
GirlsForOldmen,SortedByStudio/GirlsForOldmen
GuysForMatures,SortedByStudio/GuysForMatures
HornyOldGents,SortedByStudio/HornyOldGents
KissMatures,SortedByStudio/KissMatures
LacyNylons,SortedByStudio/LacyNylons
LadiesFuckGents,SortedByStudio/LadiesFuckGents
LadiesKissLadies,SortedByStudio/LadiesKissLadies
LickNylons,SortedByStudio/LickNylons
LickSonic,SortedByStudio/LickSonic
LoveNylons,SortedByStudio/LoveNylons
MaturesAndPantyhose,SortedByStudio/MaturesAndPantyhose
MaturesToday,SortedByStudio/MaturesToday
MomsGiveAss,SortedByStudio/MomsGiveAss
NylonFeetLine,SortedByStudio/NylonFeetLine
NylonFeetVideos,SortedByStudio/NylonFeetVideos
NylonScreen,SortedByStudio/NylonScreen
Pantyhose1,SortedByStudio/Pantyhose1
PantyhoseCoeds,SortedByStudio/PantyhoseCoeds
PantyhoseFace,SortedByStudio/PantyhoseFace
PantyhoseForLadies,SortedByStudio/PantyhoseForLadies
PantyhoseJobs,SortedByStudio/PantyhoseJobs
PantyhoseLine,SortedByStudio/PantyhoseLine
PantyhoseParties,SortedByStudio/PantyhoseParties
PantyhoseScreen,SortedByStudio/PantyhoseScreen
PantyhoseTales,SortedByStudio/PantyhoseTales
Pantyola,SortedByStudio/Pantyola
SecretaryPantyhose,SortedByStudio/SecretaryPantyhose
ShemalesFuckGirls,SortedByStudio/ShemalesFuckGirls
StraponPower,SortedByStudio/StraponPower
StraponScreen,SortedByStudio/StraponScreen
StraponSissies,SortedByStudio/StraponSissies
StraponTales,SortedByStudio/StraponTales
StunningMatures,SortedByStudio/StunningMatures
Fitting-Room,SortedByStudio/Fitting-Room
FM-Teens,SortedByStudio/FM-Teens
forbondage.com,SortedByStudio/forbondage.com
Badtime Stories,SortedByStudio/Badtime Stories
Crowd Bondage,SortedByStudio/Crowd Bondage
Special Feet Force,SortedByStudio/Special Feet Force
FTV Girls,SortedByStudio/FTV Girls
FTV Milfs,SortedByStudio/FTV Milfs
Haze Her,SortedByStudio/Haze Her
Hegre,SortedByStudio/Hegre
Holly Randall,SortedByStudio/Holly Randall
IFuckThatHottie (closed),SortedByStudio/IFuckThatHottie (closed)
In The Crack,SortedByStudio/In The Crack
iStripper,SortedByStudio/iStripper
JAVHD,SortedByStudio/JAVHD
Joy Mii,SortedByStudio/Joy Mii
Just Teen Site,SortedByStudio/Just Teen Site
Karups,SortedByStudio/Karups
Karups HA,SortedByStudio/Karups HA
Karups OW,SortedByStudio/Karups OW
Karups PC,SortedByStudio/Karups PC
Kelly Cash,SortedByStudio/Kelly Cash
Porn Fidelity,SortedByStudio/Porn Fidelity
Teen Fidelity,SortedByStudio/Teen Fidelity
Kink,SortedByStudio/Kink
Bound Gangbangs,SortedByStudio/Bound Gangbangs
Device Bondage,SortedByStudio/Device Bondage
Divine Bitches,SortedByStudio/Divine Bitches
Dungeon Sex,SortedByStudio/Dungeon Sex
ElectroSluts,SortedByStudio/ElectroSluts
Everything Butt,SortedByStudio/Everything Butt
Foot Worship,SortedByStudio/Foot Worship
Fucking Machines,SortedByStudio/Fucking Machines
Hardcore Gangbang,SortedByStudio/Hardcore Gangbang
Hogtied,SortedByStudio/Hogtied
Kink Live,SortedByStudio/Kink Live
Kink University,SortedByStudio/Kink University
Men In Pain,SortedByStudio/Men In Pain
My First Time Bound,SortedByStudio/My First Time Bound
Pissing,SortedByStudio/Pissing
Public Disgrace,SortedByStudio/Public Disgrace
Real Fucking Couples,SortedByStudio/Real Fucking Couples
Sadistic Rope,SortedByStudio/Sadistic Rope
Sex and Submission,SortedByStudio/Sex and Submission
The Training Of O,SortedByStudio/The Training Of O
The Upper Floor,SortedByStudio/The Upper Floor
TS Pussy Hunters,SortedByStudio/TS Pussy Hunters
TS Seduction,SortedByStudio/TS Seduction
Ultimate Surrender,SortedByStudio/Ultimate Surrender
Water Bondage,SortedByStudio/Water Bondage
Whipped Ass,SortedByStudio/Whipped Ass
Wired Pussy,SortedByStudio/Wired Pussy
Leche 69,SortedByStudio/Leche 69
Aprobada por Max Cortes,SortedByStudio/Aprobada por Max Cortes
Belladonna Extrema,SortedByStudio/Belladonna Extrema
Caza Guiris,SortedByStudio/Caza Guiris
Caza Inocentes,SortedByStudio/Caza Inocentes
Culebrones X,SortedByStudio/Culebrones X
Culos divinos,SortedByStudio/Culos divinos
Diosas del porno,SortedByStudio/Diosas del porno
Famosos de la Tele,SortedByStudio/Famosos de la Tele
Follando x el mundo,SortedByStudio/Follando x el mundo
Iniciando Parejas,SortedByStudio/Iniciando Parejas
Jovencitas Tiernas,SortedByStudio/Jovencitas Tiernas
Lesbico extremo,SortedByStudio/Lesbico extremo
Locuras x Dinero,SortedByStudio/Locuras x Dinero
Mamadas Locas,SortedByStudio/Mamadas Locas
Masajes: Final Feliz,SortedByStudio/Masajes: Final Feliz
Mega Miembros,SortedByStudio/Mega Miembros
Mi debut porno,SortedByStudio/Mi debut porno
Mi primer anal,SortedByStudio/Mi primer anal
Mi primera vez con Nacho,SortedByStudio/Mi primera vez con Nacho
Milf/Mamis,SortedByStudio/Milf/Mamis
Nacho Vidal Total,SortedByStudio/Nacho Vidal Total
Perfecto Anal,SortedByStudio/Perfecto Anal
Polvos en Brasil,SortedByStudio/Polvos en Brasil
Pornostar: Un dia con ella,SortedByStudio/Pornostar: Un dia con ella
Rocco Sifreddi Total,SortedByStudio/Rocco Sifreddi Total
Seriestv,SortedByStudio/Seriestv
Somos la leche,SortedByStudio/Somos la leche
Tetonas Putas,SortedByStudio/Tetonas Putas
Legal Porno,SortedByStudio/Legal Porno
Adara Love Studio,SortedByStudio/Adara Love Studio
Adeline Lafouine Studio,SortedByStudio/Adeline Lafouine Studio
All About Sweet Bunny,SortedByStudio/All About Sweet Bunny
American Anal,SortedByStudio/American Anal
Anal 4 Her,SortedByStudio/Anal 4 Her
Anal Maniacs by Lady Dee,SortedByStudio/Anal Maniacs by Lady Dee
Assablanca,SortedByStudio/Assablanca
Bad Bardot Club,SortedByStudio/Bad Bardot Club
BBC Master,SortedByStudio/BBC Master
Briana Banderas Studio,SortedByStudio/Briana Banderas Studio
Claudia's Clips,SortedByStudio/Claudia's Clips
DaddyEnjoy,SortedByStudio/DaddyEnjoy
F Models,SortedByStudio/F Models
First Gape,SortedByStudio/First Gape
Focus,SortedByStudio/Focus
GG,SortedByStudio/GG
Giorgio Grandi,SortedByStudio/Giorgio Grandi
Giorgio's Lab,SortedByStudio/Giorgio's Lab
Gonzo in Brazil,SortedByStudio/Gonzo in Brazil
Gonzo.com,SortedByStudio/Gonzo.com
Hairy Gonzo,SortedByStudio/Hairy Gonzo
Helena Moeller Studio,SortedByStudio/Helena Moeller Studio
Interracial Vision,SortedByStudio/Interracial Vision
Jean Marie Corda Studio,SortedByStudio/Jean Marie Corda Studio
Kate Rich Studio,SortedByStudio/Kate Rich Studio
Kinky Sex,SortedByStudio/Kinky Sex
Lara De Santis studio,SortedByStudio/Lara De Santis studio
Mamasita Savage,SortedByStudio/Mamasita Savage
Marywet (LP),SortedByStudio/Marywet (LP)
Max Rajoy Squad,SortedByStudio/Max Rajoy Squad
Mixed studios,SortedByStudio/Mixed studios
Mr Anal,SortedByStudio/Mr Anal
N&F Studio,SortedByStudio/N&F Studio
Natasha Teen Productions,SortedByStudio/Natasha Teen Productions
No Rest For The Ass,SortedByStudio/No Rest For The Ass
NRX-Studio,SortedByStudio/NRX-Studio
Omar Galanti Productions,SortedByStudio/Omar Galanti Productions
Outside the Studio,SortedByStudio/Outside the Studio
Pineapple's Test Kitchen,SortedByStudio/Pineapple's Test Kitchen
Porn World,SortedByStudio/Porn World
Rick Angel Studio,SortedByStudio/Rick Angel Studio
Sexy Angel Productions,SortedByStudio/Sexy Angel Productions
Sinemale,SortedByStudio/Sinemale
Sineplex Classic,SortedByStudio/Sineplex Classic
Sineplex CZ,SortedByStudio/Sineplex CZ
Sineplex SOS,SortedByStudio/Sineplex SOS
Stacy Bloom Studio,SortedByStudio/Stacy Bloom Studio
Tarra White,SortedByStudio/Tarra White
Timea Bella Production,SortedByStudio/Timea Bella Production
VK Studio,SortedByStudio/VK Studio
Yummy Estudio,SortedByStudio/Yummy Estudio
Letsdoeit,SortedByStudio/Letsdoeit
A Girl Knows,SortedByStudio/A Girl Knows
Bitches Abroad,SortedByStudio/Bitches Abroad
Bums Besuch,SortedByStudio/Bums Besuch
Bums Buero,SortedByStudio/Bums Buero
Bums Bus,SortedByStudio/Bums Bus
Doe Projects,SortedByStudio/Doe Projects
Her Limit,SortedByStudio/Her Limit
Kinky Inlaws,SortedByStudio/Kinky Inlaws
My Naughty Album,SortedByStudio/My Naughty Album
Narcos X (archived),SortedByStudio/Narcos X (archived)
Porno Academie,SortedByStudio/Porno Academie
Quest for Orgasm,SortedByStudio/Quest for Orgasm
Relaxxxed,SortedByStudio/Relaxxxed
Santa Latina (archived),SortedByStudio/Santa Latina (archived)
Scam Angels,SortedByStudio/Scam Angels
The Whiteboxxx,SortedByStudio/The Whiteboxxx
XChimera,SortedByStudio/XChimera
XXX Shades,SortedByStudio/XXX Shades
LezKiss,SortedByStudio/LezKiss
LifeSelector,SortedByStudio/LifeSelector
Lora Craft Website,SortedByStudio/Lora Craft Website
LSGModels,SortedByStudio/LSGModels
Magik Sex (removed),SortedByStudio/Magik Sex (removed)
MamacitaZ,SortedByStudio/MamacitaZ
Carne Del Mercado,SortedByStudio/Carne Del Mercado
Chicas Loca,SortedByStudio/Chicas Loca
Her Big Ass,SortedByStudio/Her Big Ass
Operacion Limpieza,SortedByStudio/Operacion Limpieza
Tu Venganza,SortedByStudio/Tu Venganza
MCN,SortedByStudio/MCN
Melina,SortedByStudio/Melina
MetArt Network,SortedByStudio/MetArt Network
ALS Scan,SortedByStudio/ALS Scan
ALS Scan,SortedByStudio/ALS Scan
Domai,SortedByStudio/Domai
Erotic Beauty,SortedByStudio/Erotic Beauty
Errotica Archives,SortedByStudio/Errotica Archives
Eternal Desire,SortedByStudio/Eternal Desire
Goddess Nudes,SortedByStudio/Goddess Nudes
Met Models,SortedByStudio/Met Models
MetArt,SortedByStudio/MetArt
MetArt X,SortedByStudio/MetArt X
Michael Ninn,SortedByStudio/Michael Ninn
Rylsky Art,SortedByStudio/Rylsky Art
SexArt,SortedByStudio/SexArt
Stunning 18,SortedByStudio/Stunning 18
The Life Erotic,SortedByStudio/The Life Erotic
Viv Thomas,SortedByStudio/Viv Thomas
Mofos,SortedByStudio/Mofos
Border Patrol Sex,SortedByStudio/Border Patrol Sex
Busted Babysitters,SortedByStudio/Busted Babysitters
Can She Take It,SortedByStudio/Can She Take It
College Bash,SortedByStudio/College Bash
Drone Hunter,SortedByStudio/Drone Hunter
I Know That Girl,SortedByStudio/I Know That Girl
In Gang We Bang,SortedByStudio/In Gang We Bang
Latina Sex Tapes,SortedByStudio/Latina Sex Tapes
Lets Try Anal,SortedByStudio/Lets Try Anal
Milfs Like It Black,SortedByStudio/Milfs Like It Black
Mofos B Sides,SortedByStudio/Mofos B Sides
Mofos Old School,SortedByStudio/Mofos Old School
Mofos Worldwide,SortedByStudio/Mofos Worldwide
Pervs On Patrol,SortedByStudio/Pervs On Patrol
Public Pick Ups,SortedByStudio/Public Pick Ups
Real Slut Party,SortedByStudio/Real Slut Party
She's a Freak,SortedByStudio/She's a Freak
Stranded Teens,SortedByStudio/Stranded Teens
Teens At Work,SortedByStudio/Teens At Work
MPL Studios,SortedByStudio/MPL Studios
Muffia,SortedByStudio/Muffia
Cum Fu,SortedByStudio/Cum Fu
Footville,SortedByStudio/Footville
Happy Tugs,SortedByStudio/Happy Tugs
Its Real,SortedByStudio/Its Real
King Dong,SortedByStudio/King Dong
Kristins Life,SortedByStudio/Kristins Life
Manuel Uncut,SortedByStudio/Manuel Uncut
Molly's Life,SortedByStudio/Molly's Life
My Sexy Life,SortedByStudio/My Sexy Life
Naked Movie,SortedByStudio/Naked Movie
Pornstars Lick,SortedByStudio/Pornstars Lick
My Naked Dolls,SortedByStudio/My Naked Dolls
Mya Diamond Website,SortedByStudio/Mya Diamond Website
MyGF,SortedByStudio/MyGF
Nakety,SortedByStudio/Nakety
Nasty Czech,SortedByStudio/Nasty Czech
Feet Luv,SortedByStudio/Feet Luv
Hide Nylons,SortedByStudio/Hide Nylons
Nylon Covered,SortedByStudio/Nylon Covered
Pantyhose Secret,SortedByStudio/Pantyhose Secret
Naughty America,SortedByStudio/Naughty America
2 Chicks Same Time,SortedByStudio/2 Chicks Same Time
After School,SortedByStudio/After School
American Daydreams,SortedByStudio/American Daydreams
Anal College,SortedByStudio/Anal College
Asian 1on1,SortedByStudio/Asian 1on1
Ass Masterpiece,SortedByStudio/Ass Masterpiece
Big Cock Bully,SortedByStudio/Big Cock Bully
Big Cock Hero,SortedByStudio/Big Cock Hero
Classroom,SortedByStudio/Classroom
College Sugarbabes,SortedByStudio/College Sugarbabes
Diary of a Milf,SortedByStudio/Diary of a Milf
Diary of a Nanny,SortedByStudio/Diary of a Nanny
Dirty Wives Club,SortedByStudio/Dirty Wives Club
Fast Times,SortedByStudio/Fast Times
Fuck My Ass,SortedByStudio/Fuck My Ass
Housewife 1 on 1,SortedByStudio/Housewife 1 on 1
I Have a Wife,SortedByStudio/I Have a Wife
Inside NaughtyAmerica,SortedByStudio/Inside NaughtyAmerica
LA Sluts,SortedByStudio/LA Sluts
Latin Adultery,SortedByStudio/Latin Adultery
Latina Stepmom,SortedByStudio/Latina Stepmom
Lesbian Girl on Girl,SortedByStudio/Lesbian Girl on Girl
Live Gym Cam,SortedByStudio/Live Gym Cam
Live Naughty Milf,SortedByStudio/Live Naughty Milf
Live Naughty Nurse,SortedByStudio/Live Naughty Nurse
Live Naughty Secretary,SortedByStudio/Live Naughty Secretary
Live Naughty Student,SortedByStudio/Live Naughty Student
Live Naughty Teacher,SortedByStudio/Live Naughty Teacher
Live Party Girl,SortedByStudio/Live Party Girl
Milf Sugarbabes,SortedByStudio/Milf Sugarbabes
Mom's Money,SortedByStudio/Mom's Money
Mrs. Creampie,SortedByStudio/Mrs. Creampie
My Dad's Hot Girlfriend,SortedByStudio/My Dad's Hot Girlfriend
My Daughter's Hot Friend,SortedByStudio/My Daughter's Hot Friend
My First Sex Teacher,SortedByStudio/My First Sex Teacher
My Friend's Hot Mom,SortedByStudio/My Friend's Hot Mom
My Friends Hot Girl,SortedByStudio/My Friends Hot Girl
My Girl Loves Anal,SortedByStudio/My Girl Loves Anal
My Girlfriend,SortedByStudio/My Girlfriend
My Girlfriend's Busty Friend,SortedByStudio/My Girlfriend's Busty Friend
My Naughty Latin Maid,SortedByStudio/My Naughty Latin Maid
My Naughty Massage,SortedByStudio/My Naughty Massage
My Sister's Hot Friend,SortedByStudio/My Sister's Hot Friend
My Wife Is My Pornstar,SortedByStudio/My Wife Is My Pornstar
My Wife's Hot Friend,SortedByStudio/My Wife's Hot Friend
Naughty Athletics,SortedByStudio/Naughty Athletics
Naughty Bookworms,SortedByStudio/Naughty Bookworms
Naughty Country Girls,SortedByStudio/Naughty Country Girls
Naughty Flipside,SortedByStudio/Naughty Flipside
Naughty Office,SortedByStudio/Naughty Office
Naughty Rich Girls,SortedByStudio/Naughty Rich Girls
Naughty Weddings,SortedByStudio/Naughty Weddings
Neighbor Affair,SortedByStudio/Neighbor Affair
Open Family,SortedByStudio/Open Family
Party Girls,SortedByStudio/Party Girls
Perfect Fucking Strangers,SortedByStudio/Perfect Fucking Strangers
PSE Porn Star Experience,SortedByStudio/PSE Porn Star Experience
Seduced by a cougar,SortedByStudio/Seduced by a cougar
Show My BF,SortedByStudio/Show My BF
Sleazy Stepdad,SortedByStudio/Sleazy Stepdad
Slut Stepmom,SortedByStudio/Slut Stepmom
Slut Stepsister,SortedByStudio/Slut Stepsister
So Cal Coeds,SortedByStudio/So Cal Coeds
Spring Break,SortedByStudio/Spring Break
Summer Vacation,SortedByStudio/Summer Vacation
Super Sluts,SortedByStudio/Super Sluts
Teans Love Cream,SortedByStudio/Teans Love Cream
The Dorm Room,SortedByStudio/The Dorm Room
The Dressing Room,SortedByStudio/The Dressing Room
The Gym,SortedByStudio/The Gym
The Office,SortedByStudio/The Office
The Passenger,SortedByStudio/The Passenger
The Spa,SortedByStudio/The Spa
Tits & Ass,SortedByStudio/Tits & Ass
Tonight's Fuck,SortedByStudio/Tonight's Fuck
Tonight's Girlfriend,SortedByStudio/Tonight's Girlfriend
True Slut Stories,SortedByStudio/True Slut Stories
Watch Your Mom,SortedByStudio/Watch Your Mom
Watch Your Wife,SortedByStudio/Watch Your Wife
Wives On Vacation,SortedByStudio/Wives On Vacation
Nubile Films sites,SortedByStudio/Nubile Films sites
Nubile Films,SortedByStudio/Nubile Films
Nubiles,SortedByStudio/Nubiles
Nubiles-Porn network,SortedByStudio/Nubiles-Porn network
Bad Teens Punished,SortedByStudio/Bad Teens Punished
Bounty Hunter Porn,SortedByStudio/Bounty Hunter Porn
Daddy's Lil Angel,SortedByStudio/Daddy's Lil Angel
Detention Girls,SortedByStudio/Detention Girls
Driver XXX,SortedByStudio/Driver XXX
Family Swap,SortedByStudio/Family Swap
Moms Teach Sex,SortedByStudio/Moms Teach Sex
My Family Pies,SortedByStudio/My Family Pies
Nubiles Entertainment,SortedByStudio/Nubiles Entertainment
Nubiles Unscripted,SortedByStudio/Nubiles Unscripted
Nubiles-Casting,SortedByStudio/Nubiles-Casting
Nubiles-Porn,SortedByStudio/Nubiles-Porn
Petite Ballerinas Fucked,SortedByStudio/Petite Ballerinas Fucked
PetiteHDPorn,SortedByStudio/PetiteHDPorn
Princess Cum,SortedByStudio/Princess Cum
Reacher Fucks Teens,SortedByStudio/Reacher Fucks Teens
Step Siblings Caught,SortedByStudio/Step Siblings Caught
Nutabu,SortedByStudio/Nutabu
Only All Sites,SortedByStudio/Only All Sites
Only Costumes,SortedByStudio/Only Costumes
Only Opaques,SortedByStudio/Only Opaques
Only Secretaries,SortedByStudio/Only Secretaries
Only Silk and Satin,SortedByStudio/Only Silk and Satin
Only Sportswear,SortedByStudio/Only Sportswear
Only Tease,SortedByStudio/Only Tease
Only3X Network,SortedByStudio/Only3X Network
Only3X Girls,SortedByStudio/Only3X Girls
Only3X Lost,SortedByStudio/Only3X Lost
Only3X Network,SortedByStudio/Only3X Network
Only3X Series,SortedByStudio/Only3X Series
Only3X VR,SortedByStudio/Only3X VR
OnlyGoldDigger,SortedByStudio/OnlyGoldDigger
PornStreamLive,SortedByStudio/PornStreamLive
PureBj,SortedByStudio/PureBj
PaperStreet sites,SortedByStudio/PaperStreet sites
Pegas Productions Network,SortedByStudio/Pegas Productions Network
3Way Porn,SortedByStudio/3Way Porn
Blow me in POV,SortedByStudio/Blow me in POV
Cutie Pussies,SortedByStudio/Cutie Pussies
Fresh and Innocent,SortedByStudio/Fresh and Innocent
FunSize Teen,SortedByStudio/FunSize Teen
Let's Fuck Outside,SortedByStudio/Let's Fuck Outside
Lezzie BFF,SortedByStudio/Lezzie BFF
Lust Eden,SortedByStudio/Lust Eden
Nasty Rookies,SortedByStudio/Nasty Rookies
Samantha Ardente,SortedByStudio/Samantha Ardente
Sexy Knockers,SortedByStudio/Sexy Knockers
Shake the Snake,SortedByStudio/Shake the Snake
Spice my Sex Life,SortedByStudio/Spice my Sex Life
Straight in the Ass,SortedByStudio/Straight in the Ass
PerfectGonzo,SortedByStudio/PerfectGonzo
AllInternal,SortedByStudio/AllInternal
AssTraffic,SortedByStudio/AssTraffic
CumForCover,SortedByStudio/CumForCover
Fist Flush,SortedByStudio/Fist Flush
MilfThing,SortedByStudio/MilfThing
PrimeCups,SortedByStudio/PrimeCups
PurePOV,SortedByStudio/PurePOV
SpermSwap,SortedByStudio/SpermSwap
TamedTeens,SortedByStudio/TamedTeens
Photodromm,SortedByStudio/Photodromm
PJGirls,SortedByStudio/PJGirls
Playboy Plus,SortedByStudio/Playboy Plus
Porn Mega Load,SortedByStudio/Porn Mega Load
Scoreland,SortedByStudio/Scoreland
Porn Pros,SortedByStudio/Porn Pros
18 Years Old,SortedByStudio/18 Years Old
40oz Bounce,SortedByStudio/40oz Bounce
Amateur Violations,SortedByStudio/Amateur Violations
Cock Competition,SortedByStudio/Cock Competition
College Teens,SortedByStudio/College Teens
Cruelty Party,SortedByStudio/Cruelty Party
Cum Disgrace,SortedByStudio/Cum Disgrace
Cumshot Surprise,SortedByStudio/Cumshot Surprise
Deepthroat Love,SortedByStudio/Deepthroat Love
Disgraced 18,SortedByStudio/Disgraced 18
Euro Humpers,SortedByStudio/Euro Humpers
Flexible Positions,SortedByStudio/Flexible Positions
Freaks Of Boobs,SortedByStudio/Freaks Of Boobs
Freaks Of Cock,SortedByStudio/Freaks Of Cock
Jurassic Cock,SortedByStudio/Jurassic Cock
LOL Cumshots,SortedByStudio/LOL Cumshots
Massage Creep,SortedByStudio/Massage Creep
MILF Humiliation,SortedByStudio/MILF Humiliation
Pimp Parade,SortedByStudio/Pimp Parade
Public Violations,SortedByStudio/Public Violations
Real Ex-Girlfriends,SortedByStudio/Real Ex-Girlfriends
Shady PI,SortedByStudio/Shady PI
Squirt Disgrace,SortedByStudio/Squirt Disgrace
TeenBFF,SortedByStudio/TeenBFF
Webcam Hackers,SortedByStudio/Webcam Hackers
Porn Pros sites,SortedByStudio/Porn Pros sites
Casting Couch X,SortedByStudio/Casting Couch X
Exotic4K,SortedByStudio/Exotic4K
FantasyHD,SortedByStudio/FantasyHD
Holed,SortedByStudio/Holed
Lubed,SortedByStudio/Lubed
My Very First Time,SortedByStudio/My Very First Time
Passion-HD,SortedByStudio/Passion-HD
POVD,SortedByStudio/POVD
Pure Mature,SortedByStudio/Pure Mature
Tiny4k,SortedByStudio/Tiny4k
Porn World,SortedByStudio/Porn World
1By-Day,SortedByStudio/1By-Day
Cherry Jul,SortedByStudio/Cherry Jul
DDF Babes,SortedByStudio/DDF Babes
DDF Beauties,SortedByStudio/DDF Beauties
DDF Busty,SortedByStudio/DDF Busty
DDF Hardcore,SortedByStudio/DDF Hardcore
DDF Network VR,SortedByStudio/DDF Network VR
DDF XTreme,SortedByStudio/DDF XTreme
Euro Girls On Girls,SortedByStudio/Euro Girls On Girls
Euro Teen Erotica,SortedByStudio/Euro Teen Erotica
Eve Angel Official,SortedByStudio/Eve Angel Official
Hairy Twatter,SortedByStudio/Hairy Twatter
Hands-On Hardcore,SortedByStudio/Hands-On Hardcore
Hot Legs and Feet,SortedByStudio/Hot Legs and Feet
House of Taboo,SortedByStudio/House of Taboo
Only BlowJob,SortedByStudio/Only BlowJob
Sex Video Casting,SortedByStudio/Sex Video Casting
POV Central,SortedByStudio/POV Central
Pretty4Ever,SortedByStudio/Pretty4Ever
Puffy Network,SortedByStudio/Puffy Network
EuroBabe Facials,SortedByStudio/EuroBabe Facials
Simply Anal,SortedByStudio/Simply Anal
We Like To Suck,SortedByStudio/We Like To Suck
Wet & Puffy,SortedByStudio/Wet & Puffy
Wet and Pissy,SortedByStudio/Wet and Pissy
Purity Naked,SortedByStudio/Purity Naked
Puta Locura,SortedByStudio/Puta Locura
Real sites,SortedByStudio/Real sites
Glory Hole Swallow,SortedByStudio/Glory Hole Swallow
Reality Kings,SortedByStudio/Reality Kings
40 inch plus,SortedByStudio/40 inch plus
8th Street Latinas,SortedByStudio/8th Street Latinas
Bad Tow Truck,SortedByStudio/Bad Tow Truck
Big Naturals,SortedByStudio/Big Naturals
Big Tits Boss,SortedByStudio/Big Tits Boss
Bikini Crashers,SortedByStudio/Bikini Crashers
Bikini Party,SortedByStudio/Bikini Party
Captain Stabbin,SortedByStudio/Captain Stabbin
CFNM Secret,SortedByStudio/CFNM Secret
Cum Fiesta,SortedByStudio/Cum Fiesta
Cum Girls,SortedByStudio/Cum Girls
Dangerous Dongs,SortedByStudio/Dangerous Dongs
Euro Sex Parties,SortedByStudio/Euro Sex Parties
Extreme Asses,SortedByStudio/Extreme Asses
Extreme Naturals,SortedByStudio/Extreme Naturals
First Time Auditions,SortedByStudio/First Time Auditions
Flower Tucci,SortedByStudio/Flower Tucci
Girls of Naked,SortedByStudio/Girls of Naked
Happy Tugs2,SortedByStudio/Happy Tugs2
HD Love,SortedByStudio/HD Love
Hot Bush,SortedByStudio/Hot Bush
In The Vip,SortedByStudio/In The Vip
Its Real2,SortedByStudio/Its Real2
Mike In Brazil,SortedByStudio/Mike In Brazil
Mikes Apartment,SortedByStudio/Mikes Apartment
Milf Hunter,SortedByStudio/Milf Hunter
Milf Next Door,SortedByStudio/Milf Next Door
Moms Bang Teens,SortedByStudio/Moms Bang Teens
Moms Lick Teens,SortedByStudio/Moms Lick Teens
Money Talks,SortedByStudio/Money Talks
Monster Curves,SortedByStudio/Monster Curves
No Faces,SortedByStudio/No Faces
Pure 18,SortedByStudio/Pure 18
Real Orgasms,SortedByStudio/Real Orgasms
RK Prime,SortedByStudio/RK Prime
Round And Brown,SortedByStudio/Round And Brown
Saturday Night Latinas,SortedByStudio/Saturday Night Latinas
See My Wife,SortedByStudio/See My Wife
Sneaky Sex,SortedByStudio/Sneaky Sex
Street Blowjobs,SortedByStudio/Street Blowjobs
Team Squirt,SortedByStudio/Team Squirt
Teens Love Huge Cocks,SortedByStudio/Teens Love Huge Cocks
Top Shelf Pussy,SortedByStudio/Top Shelf Pussy
VIP crew,SortedByStudio/VIP crew
We Live Together,SortedByStudio/We Live Together
Wives In Pantyhose,SortedByStudio/Wives In Pantyhose
Sanktor,SortedByStudio/Sanktor
Sapphic sites,SortedByStudio/Sapphic sites
GiveMePink,SortedByStudio/GiveMePink
Hannas Honeypot,SortedByStudio/Hannas Honeypot
Infocus Girls,SortedByStudio/Infocus Girls
Only Cuties,SortedByStudio/Only Cuties
Sapphic Erotica,SortedByStudio/Sapphic Erotica
SecretVirgin,SortedByStudio/SecretVirgin
Seventeen,SortedByStudio/Seventeen
Club Seventeen,SortedByStudio/Club Seventeen
SeventeenVideo,SortedByStudio/SeventeenVideo
Sexy Babes (archived),SortedByStudio/Sexy Babes (archived)
Showy Beauty,SortedByStudio/Showy Beauty
Simonscans,SortedByStudio/Simonscans
Skok Off,SortedByStudio/Skok Off
Slim 4K,SortedByStudio/Slim 4K
Smash Pixxx,SortedByStudio/Smash Pixxx
Black It On Up,SortedByStudio/Black It On Up
Bus Stop Girls,SortedByStudio/Bus Stop Girls
Dirty Parodies,SortedByStudio/Dirty Parodies
Dirty Teen Idols,SortedByStudio/Dirty Teen Idols
Hard Jerking Girls,SortedByStudio/Hard Jerking Girls
My Hot Nanny,SortedByStudio/My Hot Nanny
Nurse Seductions,SortedByStudio/Nurse Seductions
Secretary Seductions,SortedByStudio/Secretary Seductions
Stocking Secrets,SortedByStudio/Stocking Secrets
Taboo Desire,SortedByStudio/Taboo Desire
Unfaithful Housewives,SortedByStudio/Unfaithful Housewives
WhaleTail Bangers,SortedByStudio/WhaleTail Bangers
White Wife Black Cocks,SortedByStudio/White Wife Black Cocks
Spizoo Network,SortedByStudio/Spizoo Network
ClubReganReese,SortedByStudio/ClubReganReese
DrainMyBalls,SortedByStudio/DrainMyBalls
FirstClassPOV,SortedByStudio/FirstClassPOV
GlamourPornstar,SortedByStudio/GlamourPornstar
IntimateLesbians,SortedByStudio/IntimateLesbians
JessicaJaymesXXX,SortedByStudio/JessicaJaymesXXX
JohnnyCastleUnleashed,SortedByStudio/JohnnyCastleUnleashed
PervertCollege,SortedByStudio/PervertCollege
PornGoesPro,SortedByStudio/PornGoesPro
PornstarTease,SortedByStudio/PornstarTease
TheStripperExperience,SortedByStudio/TheStripperExperience
TiffanyBrookesXXX,SortedByStudio/TiffanyBrookesXXX
XXXCapri,SortedByStudio/XXXCapri
XXXTanyaJames,SortedByStudio/XXXTanyaJames
StasyQ,SortedByStudio/StasyQ
Superbe Models,SortedByStudio/Superbe Models
Suze.net,SortedByStudio/Suze.net
Tainster,SortedByStudio/Tainster
AllWam,SortedByStudio/AllWam
Cum on Jugs,SortedByStudio/Cum on Jugs
Cum Squad,SortedByStudio/Cum Squad
Dream Honies,SortedByStudio/Dream Honies
Drunk Sex Orgy,SortedByStudio/Drunk Sex Orgy
Fisting In Action,SortedByStudio/Fisting In Action
French Pee,SortedByStudio/French Pee
Fully Clothed Pissing,SortedByStudio/Fully Clothed Pissing
Fully Clothed Sex,SortedByStudio/Fully Clothed Sex
Live show,SortedByStudio/Live show
Mad Sex Party,SortedByStudio/Mad Sex Party
My Fetish,SortedByStudio/My Fetish
Orgasmatics,SortedByStudio/Orgasmatics
Party Hardcore,SortedByStudio/Party Hardcore
Party Softcore,SortedByStudio/Party Softcore
Pee Squad,SortedByStudio/Pee Squad
Pissing in Action,SortedByStudio/Pissing in Action
Pornstars at Home,SortedByStudio/Pornstars at Home
Power of Feet,SortedByStudio/Power of Feet
Quest for Orgasm,SortedByStudio/Quest for Orgasm
Slime Wave,SortedByStudio/Slime Wave
Spunk Party,SortedByStudio/Spunk Party
Tyrannized,SortedByStudio/Tyrannized
UK Hand Jobs,SortedByStudio/UK Hand Jobs
Team Skeet,SortedByStudio/Team Skeet
Bad Milfs,SortedByStudio/Bad Milfs
Brace Faced,SortedByStudio/Brace Faced
CFNMTeens,SortedByStudio/CFNMTeens
Dyked,SortedByStudio/Dyked
Exxxtra Small,SortedByStudio/Exxxtra Small
Her Freshman Year,SortedByStudio/Her Freshman Year
Innocent High,SortedByStudio/Innocent High
LustHD,SortedByStudio/LustHD
My Babysitters Club,SortedByStudio/My Babysitters Club
Oye Loca,SortedByStudio/Oye Loca
POV Life,SortedByStudio/POV Life
Rub A Teen,SortedByStudio/Rub A Teen
Self Desire,SortedByStudio/Self Desire
She's New,SortedByStudio/She's New
Solo Interviews,SortedByStudio/Solo Interviews
Step Siblings,SortedByStudio/Step Siblings
Teen Curves,SortedByStudio/Teen Curves
Teen Pies,SortedByStudio/Teen Pies
Teens Do Porn,SortedByStudio/Teens Do Porn
Teens Love Anal,SortedByStudio/Teens Love Anal
Teens Love Money,SortedByStudio/Teens Love Money
Teeny Black,SortedByStudio/Teeny Black
The Real Workout,SortedByStudio/The Real Workout
This Girl Sucks,SortedByStudio/This Girl Sucks
Titty Attack,SortedByStudio/Titty Attack
Teen Dreams,SortedByStudio/Teen Dreams
Teen Mega World,SortedByStudio/Teen Mega World
18 First Sex,SortedByStudio/18 First Sex
About Girls Love,SortedByStudio/About Girls Love
Anal Angels,SortedByStudio/Anal Angels
Anal Beauty,SortedByStudio/Anal Beauty
ATMovs,SortedByStudio/ATMovs
Beauty Angels,SortedByStudio/Beauty Angels
Beauty4K,SortedByStudio/Beauty4K
Creampie Angels,SortedByStudio/Creampie Angels
Dirty Coach,SortedByStudio/Dirty Coach
Dirty Doctor,SortedByStudio/Dirty Doctor
Drunken Teen Orgies,SortedByStudio/Drunken Teen Orgies
el Porno Latino,SortedByStudio/el Porno Latino
Ex GF Box,SortedByStudio/Ex GF Box
First BGG,SortedByStudio/First BGG
Fuck Studies,SortedByStudio/Fuck Studies
Gag-n-Gape,SortedByStudio/Gag-n-Gape
Home Teen Vids,SortedByStudio/Home Teen Vids
Home Toy Teens,SortedByStudio/Home Toy Teens
Lolly Hardcore,SortedByStudio/Lolly Hardcore
No Boring,SortedByStudio/No Boring
Nubile Girls HD,SortedByStudio/Nubile Girls HD
NylonsX,SortedByStudio/NylonsX
Old-n-Young,SortedByStudio/Old-n-Young
Private Teen Video,SortedByStudio/Private Teen Video
Raw Couples,SortedByStudio/Raw Couples
Solo Teen Girls,SortedByStudio/Solo Teen Girls
Squirting Virgin,SortedByStudio/Squirting Virgin
Teen Sex Mania,SortedByStudio/Teen Sex Mania
Teen Sex Movs,SortedByStudio/Teen Sex Movs
Teen Stars Only,SortedByStudio/Teen Stars Only
Teens 3 Some,SortedByStudio/Teens 3 Some
They Didn't Know,SortedByStudio/They Didn't Know
TmwVRnet,SortedByStudio/TmwVRnet
Tricky Masseur,SortedByStudio/Tricky Masseur
Watch Me Fucked,SortedByStudio/Watch Me Fucked
WOW Orgasms,SortedByStudio/WOW Orgasms
X Angels,SortedByStudio/X Angels
Teen Models,SortedByStudio/Teen Models
Teenporn sites,SortedByStudio/Teenporn sites
Exclusive Teen Porn,SortedByStudio/Exclusive Teen Porn
Teen Porn Storage,SortedByStudio/Teen Porn Storage
Twistys,SortedByStudio/Twistys
Twistys,SortedByStudio/Twistys
Ultra Films,SortedByStudio/Ultra Films
Vip Sex Vault,SortedByStudio/Vip Sex Vault
Exposed Casting,SortedByStudio/Exposed Casting
Fucked In Traffic,SortedByStudio/Fucked In Traffic
Los Consoladores,SortedByStudio/Los Consoladores
Pinup Sex,SortedByStudio/Pinup Sex
PornDoe Pedia,SortedByStudio/PornDoe Pedia
Vogov,SortedByStudio/Vogov
Watch4Beauty,SortedByStudio/Watch4Beauty
We Are Hairy,SortedByStudio/We Are Hairy
WoodmanCastingX,SortedByStudio/WoodmanCastingX
WowGirls,SortedByStudio/WowGirls
WowPorn,SortedByStudio/WowPorn
WTFPass,SortedByStudio/WTFPass
College Fuck Parties,SortedByStudio/College Fuck Parties
Dolls Porn,SortedByStudio/Dolls Porn
Hard Fuck Girls,SortedByStudio/Hard Fuck Girls
HD Massage Porn,SortedByStudio/HD Massage Porn
Meet Suck & Fuck,SortedByStudio/Meet Suck & Fuck
Panda Fuck,SortedByStudio/Panda Fuck
Pickup Fuck,SortedByStudio/Pickup Fuck
Porn Weekends,SortedByStudio/Porn Weekends
Private Sex Tapes,SortedByStudio/Private Sex Tapes
Public Sex Adventures,SortedByStudio/Public Sex Adventures
The Art Porn,SortedByStudio/The Art Porn
X-Art,SortedByStudio/X-Art
XDominant,SortedByStudio/XDominant
XXX Pawn,SortedByStudio/XXX Pawn
Yonitale,SortedByStudio/Yonitale
Zemani,SortedByStudio/Zemani
Zishy,SortedByStudio/Zishy
old-goes-young,SortedByStudio/Old Goes Young
spoiled-virgins,SortedByStudio/Spoiled Virgins
strapon-service,SortedByStudio/Strapon Service
tricky-old-teacher,SortedByStudio/Tricky Old Teacher
young-anal-tryouts,SortedByStudio/Young Anal Tryouts
21-naturals,SortedByStudio/21Naturals
21-erotic-anal,SortedByStudio/21Erotic Anal
21-naturals,SortedByStudio/21Naturals
21se-xtreme-network,SortedByStudio/21seXtreme Network
grandpas-fuck-teens,SortedByStudio/Grandpas Fuck Teens
old-young-lesbian-love,SortedByStudio/Old Young Lesbian Love
pee-and-blow,SortedByStudio/Pee and Blow
speculum-plays,SortedByStudio/Speculum Plays
teach-me-fisting,SortedByStudio/Teach me fisting
zoliboy,SortedByStudio/Zoliboy
21-sextury-archived,SortedByStudio/21Sextury Archived
dirty-101,SortedByStudio/Dirty 101
dirty-orientals,SortedByStudio/Dirty Orientals
fassinating,SortedByStudio/Fassinating
flexy-pussy,SortedByStudio/Flexy Pussy
horny-euro-sluts,SortedByStudio/Horny Euro Sluts
lezbo-honeys,SortedByStudio/Lezbo Honeys
magic-blondes,SortedByStudio/Magic Blondes
open-air-pleasures,SortedByStudio/Open Air Pleasures
pee-pee-babes,SortedByStudio/Pee Pee Babes
playful-hands,SortedByStudio/Playful hands
sandra-shine-fans,SortedByStudio/Sandra Shine Fans
21-sextury-network,SortedByStudio/21Sextury Network
aletta-ocean-empire,SortedByStudio/Aletta Ocean Empire
anal-queen-alysa,SortedByStudio/Anal Queen Alysa
anal-teen-angels,SortedByStudio/Anal Teen Angels
anal-teen-club,SortedByStudio/Anal Teen Club
asshole-fever,SortedByStudio/Asshole Fever
blue-angel-live,SortedByStudio/Blue Angel Live
bootyfull-babes,SortedByStudio/Bootyfull Babes
brothas-fuck-teens,SortedByStudio/Brothas Fuck Teens
busty-fever,SortedByStudio/Busty Fever
butt-plays,SortedByStudio/Butt Plays
cheating-whore-wives,SortedByStudio/Cheating Whore Wives
club-sandy,SortedByStudio/Club Sandy
cuties-galore,SortedByStudio/Cuties Galore
daily-sex-dose,SortedByStudio/Daily Sex Dose
deepthroat-frenzy,SortedByStudio/Deepthroat Frenzy
dirty-milf-club,SortedByStudio/Dirty Milf Club
do-it-biatch,SortedByStudio/Do It Biatch
dp-fanatics,SortedByStudio/DP Fanatics
dp-overload,SortedByStudio/DP Overload
enslaved-gals,SortedByStudio/Enslaved Gals
footsie-babes,SortedByStudio/Footsie babes
gape-land,SortedByStudio/GapeLand
hot-milf-club,SortedByStudio/Hot Milf Club
intermixed-sluts,SortedByStudio/Intermixed Sluts
juicy-butt-honeys,SortedByStudio/Juicy Butt Honeys
lets-play-lez,SortedByStudio/Lets Play Lez
lez-cuties,SortedByStudio/Lez Cuties
lust-for-anal,SortedByStudio/Lust For Anal
lusty-busty-chix,SortedByStudio/Lusty Busty Chix
mighty-rods,SortedByStudio/Mighty Rods
my-horny-asians,SortedByStudio/My Horny Asians
nude-fight-club,SortedByStudio/Nude Fight Club
only-swallows,SortedByStudio/Only swallows
oral-quickies,SortedByStudio/Oral Quickies
pix-video,SortedByStudio/Pix & Video
sex-city-asia,SortedByStudio/Sex City Asia
sex-with-kathia-nobili,SortedByStudio/Sex with Kathia Nobili
squirting-files,SortedByStudio/Squirting Files
sweet-sophie-moone,SortedByStudio/Sweet Sophie Moone
teen-bitch-club,SortedByStudio/Teen Bitch Club
66-sites,SortedByStudio/66-sites
jan-nudes,SortedByStudio/JanNudes
alex-lynn,SortedByStudio/Alex Lynn
all-fine-girls,SortedByStudio/All Fine Girls
alice-wonder-bang,SortedByStudio/Alice Wonder Bang
beata-porn,SortedByStudio/Beata Porn
ivana-fukalot,SortedByStudio/Ivana Fukalot
natasha-shy,SortedByStudio/Natasha Shy
sasha-blonde,SortedByStudio/Sasha Blonde
skinny-super-girl,SortedByStudio/Skinny Super Girl
vika-nymph,SortedByStudio/Vika Nymph
young-legal-porn,SortedByStudio/Young Legal Porn
all-over30,SortedByStudio/AllOver30
amateur-euro,SortedByStudio/AmateurEuro
casting-alla-italiana,SortedByStudio/Casting Alla Italiana
casting-francais,SortedByStudio/Casting Francais
deutschland-report,SortedByStudio/Deutschland Report
hausfrau-ficken,SortedByStudio/Hausfrau Ficken
la-cochonne,SortedByStudio/La Cochonne
la-novice,SortedByStudio/La Novice
las-folladoras,SortedByStudio/Las Folladoras
reife-swinger,SortedByStudio/Reife Swinger
scambisti-maturi,SortedByStudio/Scambisti Maturi
sextape-germany,SortedByStudio/Sextape Germany
xxx-omas,SortedByStudio/XXX Omas
amour-angels,SortedByStudio/Amour Angels
anilos,SortedByStudio/Anilos
apd-nudes,SortedByStudio/APD Nudes
aphroditas,SortedByStudio/Aphroditas
euro-nudes,SortedByStudio/EuroNudes
flash-in-public,SortedByStudio/Flash in Public
nude-in-public,SortedByStudio/Nude in Public
nude-in-russia,SortedByStudio/Nude in Russia
apollo-sites,SortedByStudio/Apollo sites
exclusive-club,SortedByStudio/Exclusive Club
exposed-nurses,SortedByStudio/Exposed Nurses
gape-my-pussy,SortedByStudio/Gape My Pussy
milky-babes,SortedByStudio/Milky Babes
archived,SortedByStudio/Archived
archive1,SortedByStudio/Archive1
archive2,SortedByStudio/Archive2
archive3,SortedByStudio/Archive3
archive4,SortedByStudio/Archive4
archive5,SortedByStudio/Archive5
archive6,SortedByStudio/Archive6
archive7,SortedByStudio/Archive7
archive8,SortedByStudio/Archive8
archive9,SortedByStudio/Archive9
at-kingdom,SortedByStudio/ATKingdom
atk-archives,SortedByStudio/ATK Archives
atk-exotics,SortedByStudio/ATK Exotics
atk-galleria,SortedByStudio/ATK Galleria
atk-hairy,SortedByStudio/ATK Hairy
atk-petites,SortedByStudio/ATK Petites
atk-premium,SortedByStudio/ATK Premium
aunt-judy-s,SortedByStudio/Aunt Judy's
av-erotica,SortedByStudio/avErotica
axelleparker-com,SortedByStudio/axelleparker.com
aziani,SortedByStudio/Aziani
amber-at-home,SortedByStudio/Amber at Home
aziani-xposed,SortedByStudio/Aziani Xposed
club-24-mainstreet,SortedByStudio/Club 24 Mainstreet
dakota-rae-patrick,SortedByStudio/Dakota Rae Patrick
demi-dantric,SortedByStudio/Demi Dantric
heather-summers,SortedByStudio/Heather Summers
lexxi-tyler,SortedByStudio/Lexxi Tyler
mary-carey,SortedByStudio/Mary Carey
nikki-nova,SortedByStudio/Nikki Nova
priya-anjali-rai,SortedByStudio/Priya Anjali Rai
rachel-aziani,SortedByStudio/Rachel Aziani
racquel-devonshire,SortedByStudio/Racquel Devonshire
tyler-faith,SortedByStudio/Tyler Faith
babelicious,SortedByStudio/Babelicious
babes,SortedByStudio/Babes
bang-bros,SortedByStudio/BangBros
ass-parade,SortedByStudio/Ass Parade
avaspice,SortedByStudio/Avaspice
backroom-facials,SortedByStudio/Backroom Facials
backroom-milf,SortedByStudio/Backroom MILF
ball-honeys,SortedByStudio/Ball Honeys
bang-bros-worldwide,SortedByStudio/Bang Bros Worldwide
bang-bus,SortedByStudio/Bang Bus
bang-casting,SortedByStudio/Bang Casting
bang-pov,SortedByStudio/Bang POV
bang-tryouts,SortedByStudio/Bang Tryouts
bang-bros-18,SortedByStudio/BangBros 18
bang-bros-angels,SortedByStudio/BangBros Angels
bang-bros-casting,SortedByStudio/BangBros Casting
bang-bros-clips,SortedByStudio/BangBros Clips
bang-bros-remastered,SortedByStudio/BangBros Remastered
big-ass-adventure,SortedByStudio/Big Ass Adventure
big-mouthfuls,SortedByStudio/Big Mouthfuls
big-tit-cream-pie,SortedByStudio/Big Tit Cream Pie
big-tits-round-asses,SortedByStudio/Big Tits Round Asses
blowjob-fridays,SortedByStudio/Blowjob Fridays
blowjob-ninjas,SortedByStudio/Blowjob Ninjas
boob-squad,SortedByStudio/Boob Squad
brown-bunnies,SortedByStudio/Brown Bunnies
busty-adventures,SortedByStudio/Busty Adventures
can-he-score,SortedByStudio/Can He Score
chongas,SortedByStudio/Chongas
colombia-fuck-fest,SortedByStudio/Colombia Fuck Fest
dirty-world-tour,SortedByStudio/Dirty World Tour
dorm-invasion,SortedByStudio/Dorm Invasion
facial-fest,SortedByStudio/Facial Fest
fuck-team-five,SortedByStudio/Fuck Team Five
glory-hole-loads,SortedByStudio/GloryHole Loads
ho-in-headlights,SortedByStudio/Ho in Headlights
latina-rampage,SortedByStudio/Latina Rampage
living-with-anna,SortedByStudio/Living With Anna
magical-feet,SortedByStudio/Magical Feet
milf-lessons,SortedByStudio/Milf Lessons
milf-soup,SortedByStudio/Milf Soup
monsters-of-cock,SortedByStudio/Monsters of Cock
mr-anal,SortedByStudio/Mr Anal
mr-camel-toe,SortedByStudio/Mr. CamelToe
my-dirty-maid,SortedByStudio/My Dirty Maid
my-life-in-brazil,SortedByStudio/My Life In Brazil
newbie-black,SortedByStudio/Newbie Black
party-of-three,SortedByStudio/Party of Three
pawg,SortedByStudio/Pawg
penny-show,SortedByStudio/Penny Show
porn-star-spa,SortedByStudio/Porn Star Spa
power-munch,SortedByStudio/Power Munch
public-bang,SortedByStudio/Public Bang
public-invasion,SortedByStudio/Public Invasion
slutty-white-girls,SortedByStudio/Slutty White Girls
stepmom-videos,SortedByStudio/Stepmom Videos
street-ranger,SortedByStudio/Street Ranger
tugjobs,SortedByStudio/Tugjobs
working-latinas,SortedByStudio/Working Latinas
blow-pass,SortedByStudio/Blow Pass
1000-facials,SortedByStudio/1000 Facials
1st-interracial,SortedByStudio/1st Interracial
i-love-monster-cocks,SortedByStudio/I Love Monster Cocks
immoral-live,SortedByStudio/Immoral Live
its-a-big-black-thing,SortedByStudio/Its A Big Black Thing
love-your-tits,SortedByStudio/Love Your Tits
meat-my-ass,SortedByStudio/Meat My Ass
mommy-blows-best,SortedByStudio/Mommy Blows Best
only-teen-blow-jobs,SortedByStudio/Only Teen BlowJobs
share-my-cock,SortedByStudio/Share My Cock
soccer-mom-score,SortedByStudio/Soccer Mom Score
stuffed-petite,SortedByStudio/Stuffed Petite
throated,SortedByStudio/Throated
xxx-pillow-talk,SortedByStudio/XXX Pillow Talk
blow-gang-girls,SortedByStudio/BlowGangGirls
brandi-belle,SortedByStudio/Brandi Belle
brazzers,SortedByStudio/Brazzers
asses-in-public,SortedByStudio/Asses In Public
baby-got-boobs,SortedByStudio/Baby Got Boobs
big-boob-pass,SortedByStudio/Big Boob Pass
big-butts-like-it-big,SortedByStudio/Big Butts Like It Big
big-tits-at-school,SortedByStudio/Big Tits At School
big-tits-at-work,SortedByStudio/Big Tits At Work
big-tits-in-sports,SortedByStudio/Big Tits In Sports
big-tits-in-uniform,SortedByStudio/Big Tits In Uniform
big-wet-butts,SortedByStudio/Big Wet Butts
brazzers-exxtra,SortedByStudio/Brazzers Exxtra
brazzers-vault,SortedByStudio/Brazzers Vault
busty-real,SortedByStudio/Busty & Real
bustyz,SortedByStudio/Bustyz
butts-blacks,SortedByStudio/Butts & Blacks
clothed-female-nude-male,SortedByStudio/Clothed Female Nude Male
day-with-a-pornstar,SortedByStudio/Day With A Pornstar
dirty-masseur,SortedByStudio/Dirty Masseur
doctor-adventures,SortedByStudio/Doctor Adventures
hot-and-mean,SortedByStudio/Hot and Mean
hot-chicks-big-asses,SortedByStudio/Hot Chicks Big Asses
hq-honeys,SortedByStudio/HQ Honeys
jizz-on-my-jugs,SortedByStudio/Jizz On My Jugs
jug-fuckers,SortedByStudio/Jug Fuckers
mil-fs-like-it-big,SortedByStudio/MILFs Like It Big
mommy-got-boobs,SortedByStudio/Mommy Got Boobs
moms-in-control,SortedByStudio/Moms In Control
pornstars-like-it-big,SortedByStudio/Pornstars Like it Big
porn-stars-punishment,SortedByStudio/PornStars Punishment
racks-blacks,SortedByStudio/Racks & Blacks
real-wife-stories,SortedByStudio/Real Wife Stories
sex-pro-adventures,SortedByStudio/SexPro Adventures
she-s-gonna-squirt,SortedByStudio/She's Gonna Squirt
teens-like-it-big,SortedByStudio/Teens Like It Big
teens-like-it-black,SortedByStudio/Teens Like It Black
zz-series,SortedByStudio/ZZ Series
cfnm-show,SortedByStudio/CFNM Show
cherry-pimps,SortedByStudio/CherryPimps
clara-g,SortedByStudio/Clara-G
colette,SortedByStudio/Colette
college-rules,SortedByStudio/College Rules
culioneros,SortedByStudio/Culioneros
chicas-de-porno,SortedByStudio/Chicas de Porno
chiva-culiona,SortedByStudio/Chiva Culiona
costenas-locas,SortedByStudio/Costenas Locas
cuchi-mami,SortedByStudio/Cuchi Mami
mi-primer-porno,SortedByStudio/Mi Primer Porno
nalgas-grandes,SortedByStudio/Nalgas Grandes
por-el-chiquito,SortedByStudio/Por El Chiquito
sexo-en-publico,SortedByStudio/Sexo en Publico
tetangas-espanolas,SortedByStudio/Tetangas Espanolas
tetonas-locas,SortedByStudio/Tetonas Locas
cum-louder,SortedByStudio/Cum Louder
amateur,SortedByStudio/Amateur
boldly-girls,SortedByStudio/Boldly Girls
breaking-asses,SortedByStudio/Breaking Asses
chicas-malas,SortedByStudio/Chicas Malas
culos-en-publico,SortedByStudio/Culos en publico
cum-extreme,SortedByStudio/Cum Extreme
cumlouder-tour,SortedByStudio/Cumlouder Tour
cum-trick,SortedByStudio/CumTrick
domingas,SortedByStudio/Domingas
ex-girlfriends,SortedByStudio/Ex-girlfriends
fuckin-van,SortedByStudio/Fuckin Van
give-me-spunk,SortedByStudio/Give Me Spunk
handjob-goddess,SortedByStudio/Handjob Goddess
hungry-cum-eaters,SortedByStudio/Hungry Cum Eaters
latin-asses-in-public,SortedByStudio/Latin Asses in Public
living-with-a-pornstar,SortedByStudio/Living With a Pornstar
living-with-leyla,SortedByStudio/Living With Leyla
pollas-xl,SortedByStudio/Pollas XL
porns-heros,SortedByStudio/Porns Heros
pornstar-fisher,SortedByStudio/Pornstar Fisher
pov,SortedByStudio/POV
reventandoculos,SortedByStudio/reventandoculos
seras-zorra,SortedByStudio/Seras Zorra
spoof-porn,SortedByStudio/Spoof Porn
street-suckers,SortedByStudio/Street Suckers
stunning-butts,SortedByStudio/Stunning Butts
sweet-18,SortedByStudio/Sweet 18
dancing-bear,SortedByStudio/Dancing Bear
deluxecoin-sites,SortedByStudio/Deluxecoin sites
double-view-casting,SortedByStudio/DoubleViewCasting
first-anal-quest,SortedByStudio/FirstAnalQuest
gf-rampage,SortedByStudio/GF Rampage
desk-babes,SortedByStudio/DeskBabes
digital-desire,SortedByStudio/Digital Desire
dirty-flix-sites,SortedByStudio/DirtyFlix sites
disgrace-that-bitch,SortedByStudio/Disgrace That Bitch
fucking-glasses,SortedByStudio/Fucking Glasses
make-him-cuckold,SortedByStudio/Make Him Cuckold
moms-passions,SortedByStudio/Moms Passions
private-casting-x,SortedByStudio/Private Casting X
she-is-nerdy,SortedByStudio/She Is Nerdy
trick-your-gf,SortedByStudio/Trick Your GF
tricky-agent,SortedByStudio/Tricky Agent
x-sensual,SortedByStudio/X Sensual
young-courtesans,SortedByStudio/Young Courtesans
dog-fart-network,SortedByStudio/DogFart Network
barb-cummings,SortedByStudio/Barb Cummings
black-meat-white-feet,SortedByStudio/Black Meat White Feet
blacks-on-blondes,SortedByStudio/Blacks On Blondes
blacks-on-cougars,SortedByStudio/Blacks On Cougars
candy-monroe,SortedByStudio/Candy Monroe
cuckold-sessions,SortedByStudio/Cuckold Sessions
cum-bang,SortedByStudio/Cum Bang
dogfart-behind-the-scenes,SortedByStudio/Dogfart Behind The Scenes
glory-hole,SortedByStudio/Glory Hole
gloryhole-initiations,SortedByStudio/Gloryhole-Initiations
interracial-blowbang,SortedByStudio/Interracial Blowbang
interracial-pickups,SortedByStudio/Interracial Pickups
katie-thomas,SortedByStudio/Katie Thomas
ruth-blackwell,SortedByStudio/Ruth Blackwell
spring-thomas,SortedByStudio/Spring Thomas
the-minion,SortedByStudio/The Minion
watching-my-daughter-go-black,SortedByStudio/Watching My Daughter Go Black
watching-my-mom-go-black,SortedByStudio/Watching My Mom Go Black
we-fuck-black-girls,SortedByStudio/We Fuck Black Girls
wife-writing,SortedByStudio/Wife Writing
zebra-girls,SortedByStudio/Zebra Girls
ero-berlin,SortedByStudio/EroBerlin
erotic-art-photography,SortedByStudio/Erotic Art Photography
evas-garden,SortedByStudio/Evas Garden
eve-angel-website,SortedByStudio/Eve Angel Website
exploited-x-network,SortedByStudio/ExploitedX Network
exploited-college-girls,SortedByStudio/Exploited College Girls
fedorov-hd,SortedByStudio/Fedorov HD
fem-joy,SortedByStudio/FemJoy
ferr-art,SortedByStudio/Ferr Art
ferro-network,SortedByStudio/FerroNetwork
action-matures,SortedByStudio/ActionMatures
anal-pantyhose,SortedByStudio/Anal Pantyhose
anal-saga,SortedByStudio/AnalSaga
anal-screen,SortedByStudio/AnalScreen
backdoor-lesbians,SortedByStudio/BackdoorLesbians
boys-love-matures,SortedByStudio/BoysLoveMatures
e-pantyhose-land,SortedByStudio/ePantyhoseLand
feet-screen,SortedByStudio/FeetScreen
foot-orgies,SortedByStudio/Foot-Orgies
girls-for-matures,SortedByStudio/GirlsForMatures
girls-for-oldmen,SortedByStudio/GirlsForOldmen
guys-for-matures,SortedByStudio/GuysForMatures
horny-old-gents,SortedByStudio/HornyOldGents
kiss-matures,SortedByStudio/KissMatures
lacy-nylons,SortedByStudio/LacyNylons
ladies-fuck-gents,SortedByStudio/LadiesFuckGents
ladies-kiss-ladies,SortedByStudio/LadiesKissLadies
lick-nylons,SortedByStudio/LickNylons
lick-sonic,SortedByStudio/LickSonic
love-nylons,SortedByStudio/LoveNylons
matures-and-pantyhose,SortedByStudio/MaturesAndPantyhose
matures-today,SortedByStudio/MaturesToday
moms-give-ass,SortedByStudio/MomsGiveAss
nylon-feet-line,SortedByStudio/NylonFeetLine
nylon-feet-videos,SortedByStudio/NylonFeetVideos
nylon-screen,SortedByStudio/NylonScreen
pantyhose1,SortedByStudio/Pantyhose1
pantyhose-coeds,SortedByStudio/PantyhoseCoeds
pantyhose-face,SortedByStudio/PantyhoseFace
pantyhose-for-ladies,SortedByStudio/PantyhoseForLadies
pantyhose-jobs,SortedByStudio/PantyhoseJobs
pantyhose-line,SortedByStudio/PantyhoseLine
pantyhose-parties,SortedByStudio/PantyhoseParties
pantyhose-screen,SortedByStudio/PantyhoseScreen
pantyhose-tales,SortedByStudio/PantyhoseTales
pantyola,SortedByStudio/Pantyola
secretary-pantyhose,SortedByStudio/SecretaryPantyhose
shemales-fuck-girls,SortedByStudio/ShemalesFuckGirls
strapon-power,SortedByStudio/StraponPower
strapon-screen,SortedByStudio/StraponScreen
strapon-sissies,SortedByStudio/StraponSissies
strapon-tales,SortedByStudio/StraponTales
stunning-matures,SortedByStudio/StunningMatures
fitting-room,SortedByStudio/Fitting-Room
fm-teens,SortedByStudio/FM-Teens
forbondage-com,SortedByStudio/forbondage.com
badtime-stories,SortedByStudio/Badtime Stories
crowd-bondage,SortedByStudio/Crowd Bondage
special-feet-force,SortedByStudio/Special Feet Force
ftv-girls,SortedByStudio/FTV Girls
ftv-milfs,SortedByStudio/FTV Milfs
haze-her,SortedByStudio/Haze Her
hegre,SortedByStudio/Hegre
holly-randall,SortedByStudio/Holly Randall
i-fuck-that-hottie-closed,SortedByStudio/IFuckThatHottie (closed)
in-the-crack,SortedByStudio/In The Crack
i-stripper,SortedByStudio/iStripper
javhd,SortedByStudio/JAVHD
joy-mii,SortedByStudio/Joy Mii
just-teen-site,SortedByStudio/Just Teen Site
karups,SortedByStudio/Karups
karups-ha,SortedByStudio/Karups HA
karups-ow,SortedByStudio/Karups OW
karups-pc,SortedByStudio/Karups PC
kelly-cash,SortedByStudio/Kelly Cash
porn-fidelity,SortedByStudio/Porn Fidelity
teen-fidelity,SortedByStudio/Teen Fidelity
kink,SortedByStudio/Kink
bound-gangbangs,SortedByStudio/Bound Gangbangs
device-bondage,SortedByStudio/Device Bondage
divine-bitches,SortedByStudio/Divine Bitches
dungeon-sex,SortedByStudio/Dungeon Sex
electro-sluts,SortedByStudio/ElectroSluts
everything-butt,SortedByStudio/Everything Butt
foot-worship,SortedByStudio/Foot Worship
fucking-machines,SortedByStudio/Fucking Machines
hardcore-gangbang,SortedByStudio/Hardcore Gangbang
hogtied,SortedByStudio/Hogtied
kink-live,SortedByStudio/Kink Live
kink-university,SortedByStudio/Kink University
men-in-pain,SortedByStudio/Men In Pain
my-first-time-bound,SortedByStudio/My First Time Bound
pissing,SortedByStudio/Pissing
public-disgrace,SortedByStudio/Public Disgrace
real-fucking-couples,SortedByStudio/Real Fucking Couples
sadistic-rope,SortedByStudio/Sadistic Rope
sex-and-submission,SortedByStudio/Sex and Submission
the-training-of-o,SortedByStudio/The Training Of O
the-upper-floor,SortedByStudio/The Upper Floor
ts-pussy-hunters,SortedByStudio/TS Pussy Hunters
ts-seduction,SortedByStudio/TS Seduction
ultimate-surrender,SortedByStudio/Ultimate Surrender
water-bondage,SortedByStudio/Water Bondage
whipped-ass,SortedByStudio/Whipped Ass
wired-pussy,SortedByStudio/Wired Pussy
leche-69,SortedByStudio/Leche 69
aprobada-por-max-cortes,SortedByStudio/Aprobada por Max Cortes
belladonna-extrema,SortedByStudio/Belladonna Extrema
caza-guiris,SortedByStudio/Caza Guiris
caza-inocentes,SortedByStudio/Caza Inocentes
culebrones-x,SortedByStudio/Culebrones X
culos-divinos,SortedByStudio/Culos divinos
diosas-del-porno,SortedByStudio/Diosas del porno
famosos-de-la-tele,SortedByStudio/Famosos de la Tele
follando-x-el-mundo,SortedByStudio/Follando x el mundo
iniciando-parejas,SortedByStudio/Iniciando Parejas
jovencitas-tiernas,SortedByStudio/Jovencitas Tiernas
lesbico-extremo,SortedByStudio/Lesbico extremo
locuras-x-dinero,SortedByStudio/Locuras x Dinero
mamadas-locas,SortedByStudio/Mamadas Locas
masajes-final-feliz,SortedByStudio/Masajes: Final Feliz
mega-miembros,SortedByStudio/Mega Miembros
mi-debut-porno,SortedByStudio/Mi debut porno
mi-primer-anal,SortedByStudio/Mi primer anal
mi-primera-vez-con-nacho,SortedByStudio/Mi primera vez con Nacho
milf-mamis,SortedByStudio/Milf/Mamis
nacho-vidal-total,SortedByStudio/Nacho Vidal Total
perfecto-anal,SortedByStudio/Perfecto Anal
polvos-en-brasil,SortedByStudio/Polvos en Brasil
pornostar-un-dia-con-ella,SortedByStudio/Pornostar: Un dia con ella
rocco-sifreddi-total,SortedByStudio/Rocco Sifreddi Total
seriestv,SortedByStudio/Seriestv
somos-la-leche,SortedByStudio/Somos la leche
tetonas-putas,SortedByStudio/Tetonas Putas
legal-porno,SortedByStudio/Legal Porno
adara-love-studio,SortedByStudio/Adara Love Studio
adeline-lafouine-studio,SortedByStudio/Adeline Lafouine Studio
all-about-sweet-bunny,SortedByStudio/All About Sweet Bunny
american-anal,SortedByStudio/American Anal
anal-4-her,SortedByStudio/Anal 4 Her
anal-maniacs-by-lady-dee,SortedByStudio/Anal Maniacs by Lady Dee
assablanca,SortedByStudio/Assablanca
bad-bardot-club,SortedByStudio/Bad Bardot Club
bbc-master,SortedByStudio/BBC Master
briana-banderas-studio,SortedByStudio/Briana Banderas Studio
claudia-s-clips,SortedByStudio/Claudia's Clips
daddy-enjoy,SortedByStudio/DaddyEnjoy
f-models,SortedByStudio/F Models
first-gape,SortedByStudio/First Gape
focus,SortedByStudio/Focus
gg,SortedByStudio/GG
giorgio-grandi,SortedByStudio/Giorgio Grandi
giorgio-s-lab,SortedByStudio/Giorgio's Lab
gonzo-in-brazil,SortedByStudio/Gonzo in Brazil
gonzo-com,SortedByStudio/Gonzo.com
hairy-gonzo,SortedByStudio/Hairy Gonzo
helena-moeller-studio,SortedByStudio/Helena Moeller Studio
interracial-vision,SortedByStudio/Interracial Vision
jean-marie-corda-studio,SortedByStudio/Jean Marie Corda Studio
kate-rich-studio,SortedByStudio/Kate Rich Studio
kinky-sex,SortedByStudio/Kinky Sex
lara-de-santis-studio,SortedByStudio/Lara De Santis studio
mamasita-savage,SortedByStudio/Mamasita Savage
marywet-lp,SortedByStudio/Marywet (LP)
max-rajoy-squad,SortedByStudio/Max Rajoy Squad
mixed-studios,SortedByStudio/Mixed studios
mr-anal,SortedByStudio/Mr Anal
n-f-studio,SortedByStudio/N&F Studio
natasha-teen-productions,SortedByStudio/Natasha Teen Productions
no-rest-for-the-ass,SortedByStudio/No Rest For The Ass
nrx-studio,SortedByStudio/NRX-Studio
omar-galanti-productions,SortedByStudio/Omar Galanti Productions
outside-the-studio,SortedByStudio/Outside the Studio
pineapple-s-test-kitchen,SortedByStudio/Pineapple's Test Kitchen
porn-world,SortedByStudio/Porn World
rick-angel-studio,SortedByStudio/Rick Angel Studio
sexy-angel-productions,SortedByStudio/Sexy Angel Productions
sinemale,SortedByStudio/Sinemale
sineplex-classic,SortedByStudio/Sineplex Classic
sineplex-cz,SortedByStudio/Sineplex CZ
sineplex-sos,SortedByStudio/Sineplex SOS
stacy-bloom-studio,SortedByStudio/Stacy Bloom Studio
tarra-white,SortedByStudio/Tarra White
timea-bella-production,SortedByStudio/Timea Bella Production
vk-studio,SortedByStudio/VK Studio
yummy-estudio,SortedByStudio/Yummy Estudio
letsdoeit,SortedByStudio/Letsdoeit
a-girl-knows,SortedByStudio/A Girl Knows
bitches-abroad,SortedByStudio/Bitches Abroad
bums-besuch,SortedByStudio/Bums Besuch
bums-buero,SortedByStudio/Bums Buero
bums-bus,SortedByStudio/Bums Bus
doe-projects,SortedByStudio/Doe Projects
her-limit,SortedByStudio/Her Limit
kinky-inlaws,SortedByStudio/Kinky Inlaws
my-naughty-album,SortedByStudio/My Naughty Album
narcos-x-archived,SortedByStudio/Narcos X (archived)
porno-academie,SortedByStudio/Porno Academie
quest-for-orgasm,SortedByStudio/Quest for Orgasm
relaxxxed,SortedByStudio/Relaxxxed
santa-latina-archived,SortedByStudio/Santa Latina (archived)
scam-angels,SortedByStudio/Scam Angels
the-whiteboxxx,SortedByStudio/The Whiteboxxx
x-chimera,SortedByStudio/XChimera
xxx-shades,SortedByStudio/XXX Shades
lez-kiss,SortedByStudio/LezKiss
life-selector,SortedByStudio/LifeSelector
lora-craft-website,SortedByStudio/Lora Craft Website
lsg-models,SortedByStudio/LSGModels
magik-sex-removed,SortedByStudio/Magik Sex (removed)
mamacita-z,SortedByStudio/MamacitaZ
carne-del-mercado,SortedByStudio/Carne Del Mercado
chicas-loca,SortedByStudio/Chicas Loca
her-big-ass,SortedByStudio/Her Big Ass
operacion-limpieza,SortedByStudio/Operacion Limpieza
tu-venganza,SortedByStudio/Tu Venganza
mcn,SortedByStudio/MCN
melina,SortedByStudio/Melina
met-art-network,SortedByStudio/MetArt Network
als-scan,SortedByStudio/ALS Scan
als-scan,SortedByStudio/ALS Scan
domai,SortedByStudio/Domai
erotic-beauty,SortedByStudio/Erotic Beauty
errotica-archives,SortedByStudio/Errotica Archives
eternal-desire,SortedByStudio/Eternal Desire
goddess-nudes,SortedByStudio/Goddess Nudes
met-models,SortedByStudio/Met Models
met-art,SortedByStudio/MetArt
met-art-x,SortedByStudio/MetArt X
michael-ninn,SortedByStudio/Michael Ninn
rylsky-art,SortedByStudio/Rylsky Art
sex-art,SortedByStudio/SexArt
stunning-18,SortedByStudio/Stunning 18
the-life-erotic,SortedByStudio/The Life Erotic
viv-thomas,SortedByStudio/Viv Thomas
mofos,SortedByStudio/Mofos
border-patrol-sex,SortedByStudio/Border Patrol Sex
busted-babysitters,SortedByStudio/Busted Babysitters
can-she-take-it,SortedByStudio/Can She Take It
college-bash,SortedByStudio/College Bash
drone-hunter,SortedByStudio/Drone Hunter
i-know-that-girl,SortedByStudio/I Know That Girl
in-gang-we-bang,SortedByStudio/In Gang We Bang
latina-sex-tapes,SortedByStudio/Latina Sex Tapes
lets-try-anal,SortedByStudio/Lets Try Anal
milfs-like-it-black,SortedByStudio/Milfs Like It Black
mofos-b-sides,SortedByStudio/Mofos B Sides
mofos-old-school,SortedByStudio/Mofos Old School
mofos-worldwide,SortedByStudio/Mofos Worldwide
pervs-on-patrol,SortedByStudio/Pervs On Patrol
public-pick-ups,SortedByStudio/Public Pick Ups
real-slut-party,SortedByStudio/Real Slut Party
she-s-a-freak,SortedByStudio/She's a Freak
stranded-teens,SortedByStudio/Stranded Teens
teens-at-work,SortedByStudio/Teens At Work
mpl-studios,SortedByStudio/MPL Studios
muffia,SortedByStudio/Muffia
cum-fu,SortedByStudio/Cum Fu
footville,SortedByStudio/Footville
happy-tugs,SortedByStudio/Happy Tugs
its-real,SortedByStudio/Its Real
king-dong,SortedByStudio/King Dong
kristins-life,SortedByStudio/Kristins Life
manuel-uncut,SortedByStudio/Manuel Uncut
molly-s-life,SortedByStudio/Molly's Life
my-sexy-life,SortedByStudio/My Sexy Life
naked-movie,SortedByStudio/Naked Movie
pornstars-lick,SortedByStudio/Pornstars Lick
my-naked-dolls,SortedByStudio/My Naked Dolls
mya-diamond-website,SortedByStudio/Mya Diamond Website
my-gf,SortedByStudio/MyGF
nakety,SortedByStudio/Nakety
nasty-czech,SortedByStudio/Nasty Czech
feet-luv,SortedByStudio/Feet Luv
hide-nylons,SortedByStudio/Hide Nylons
nylon-covered,SortedByStudio/Nylon Covered
pantyhose-secret,SortedByStudio/Pantyhose Secret
naughty-america,SortedByStudio/Naughty America
2-chicks-same-time,SortedByStudio/2 Chicks Same Time
after-school,SortedByStudio/After School
american-daydreams,SortedByStudio/American Daydreams
anal-college,SortedByStudio/Anal College
asian-1on1,SortedByStudio/Asian 1on1
ass-masterpiece,SortedByStudio/Ass Masterpiece
big-cock-bully,SortedByStudio/Big Cock Bully
big-cock-hero,SortedByStudio/Big Cock Hero
classroom,SortedByStudio/Classroom
college-sugarbabes,SortedByStudio/College Sugarbabes
diary-of-a-milf,SortedByStudio/Diary of a Milf
diary-of-a-nanny,SortedByStudio/Diary of a Nanny
dirty-wives-club,SortedByStudio/Dirty Wives Club
fast-times,SortedByStudio/Fast Times
fuck-my-ass,SortedByStudio/Fuck My Ass
housewife-1-on-1,SortedByStudio/Housewife 1 on 1
i-have-a-wife,SortedByStudio/I Have a Wife
inside-naughty-america,SortedByStudio/Inside NaughtyAmerica
la-sluts,SortedByStudio/LA Sluts
latin-adultery,SortedByStudio/Latin Adultery
latina-stepmom,SortedByStudio/Latina Stepmom
lesbian-girl-on-girl,SortedByStudio/Lesbian Girl on Girl
live-gym-cam,SortedByStudio/Live Gym Cam
live-naughty-milf,SortedByStudio/Live Naughty Milf
live-naughty-nurse,SortedByStudio/Live Naughty Nurse
live-naughty-secretary,SortedByStudio/Live Naughty Secretary
live-naughty-student,SortedByStudio/Live Naughty Student
live-naughty-teacher,SortedByStudio/Live Naughty Teacher
live-party-girl,SortedByStudio/Live Party Girl
milf-sugarbabes,SortedByStudio/Milf Sugarbabes
mom-s-money,SortedByStudio/Mom's Money
mrs-creampie,SortedByStudio/Mrs. Creampie
my-dad-s-hot-girlfriend,SortedByStudio/My Dad's Hot Girlfriend
my-daughter-s-hot-friend,SortedByStudio/My Daughter's Hot Friend
my-first-sex-teacher,SortedByStudio/My First Sex Teacher
my-friend-s-hot-mom,SortedByStudio/My Friend's Hot Mom
my-friends-hot-girl,SortedByStudio/My Friends Hot Girl
my-girl-loves-anal,SortedByStudio/My Girl Loves Anal
my-girlfriend,SortedByStudio/My Girlfriend
my-girlfriend-s-busty-friend,SortedByStudio/My Girlfriend's Busty Friend
my-naughty-latin-maid,SortedByStudio/My Naughty Latin Maid
my-naughty-massage,SortedByStudio/My Naughty Massage
my-sister-s-hot-friend,SortedByStudio/My Sister's Hot Friend
my-wife-is-my-pornstar,SortedByStudio/My Wife Is My Pornstar
my-wife-s-hot-friend,SortedByStudio/My Wife's Hot Friend
naughty-athletics,SortedByStudio/Naughty Athletics
naughty-bookworms,SortedByStudio/Naughty Bookworms
naughty-country-girls,SortedByStudio/Naughty Country Girls
naughty-flipside,SortedByStudio/Naughty Flipside
naughty-office,SortedByStudio/Naughty Office
naughty-rich-girls,SortedByStudio/Naughty Rich Girls
naughty-weddings,SortedByStudio/Naughty Weddings
neighbor-affair,SortedByStudio/Neighbor Affair
open-family,SortedByStudio/Open Family
party-girls,SortedByStudio/Party Girls
perfect-fucking-strangers,SortedByStudio/Perfect Fucking Strangers
pse-porn-star-experience,SortedByStudio/PSE Porn Star Experience
seduced-by-a-cougar,SortedByStudio/Seduced by a cougar
show-my-bf,SortedByStudio/Show My BF
sleazy-stepdad,SortedByStudio/Sleazy Stepdad
slut-stepmom,SortedByStudio/Slut Stepmom
slut-stepsister,SortedByStudio/Slut Stepsister
so-cal-coeds,SortedByStudio/So Cal Coeds
spring-break,SortedByStudio/Spring Break
summer-vacation,SortedByStudio/Summer Vacation
super-sluts,SortedByStudio/Super Sluts
teans-love-cream,SortedByStudio/Teans Love Cream
the-dorm-room,SortedByStudio/The Dorm Room
the-dressing-room,SortedByStudio/The Dressing Room
the-gym,SortedByStudio/The Gym
the-office,SortedByStudio/The Office
the-passenger,SortedByStudio/The Passenger
the-spa,SortedByStudio/The Spa
tits-ass,SortedByStudio/Tits & Ass
tonight-s-fuck,SortedByStudio/Tonight's Fuck
tonight-s-girlfriend,SortedByStudio/Tonight's Girlfriend
true-slut-stories,SortedByStudio/True Slut Stories
watch-your-mom,SortedByStudio/Watch Your Mom
watch-your-wife,SortedByStudio/Watch Your Wife
wives-on-vacation,SortedByStudio/Wives On Vacation
nubile-films-sites,SortedByStudio/Nubile Films sites
nubile-films,SortedByStudio/Nubile Films
nubiles,SortedByStudio/Nubiles
nubiles-porn-network,SortedByStudio/Nubiles-Porn network
bad-teens-punished,SortedByStudio/Bad Teens Punished
bounty-hunter-porn,SortedByStudio/Bounty Hunter Porn
daddy-s-lil-angel,SortedByStudio/Daddy's Lil Angel
detention-girls,SortedByStudio/Detention Girls
driver-xxx,SortedByStudio/Driver XXX
family-swap,SortedByStudio/Family Swap
moms-teach-sex,SortedByStudio/Moms Teach Sex
my-family-pies,SortedByStudio/My Family Pies
nubiles-entertainment,SortedByStudio/Nubiles Entertainment
nubiles-unscripted,SortedByStudio/Nubiles Unscripted
nubiles-casting,SortedByStudio/Nubiles-Casting
nubiles-porn,SortedByStudio/Nubiles-Porn
petite-ballerinas-fucked,SortedByStudio/Petite Ballerinas Fucked
petite-hd-porn,SortedByStudio/PetiteHDPorn
princess-cum,SortedByStudio/Princess Cum
reacher-fucks-teens,SortedByStudio/Reacher Fucks Teens
step-siblings-caught,SortedByStudio/Step Siblings Caught
nutabu,SortedByStudio/Nutabu
only-all-sites,SortedByStudio/Only All Sites
only-costumes,SortedByStudio/Only Costumes
only-opaques,SortedByStudio/Only Opaques
only-secretaries,SortedByStudio/Only Secretaries
only-silk-and-satin,SortedByStudio/Only Silk and Satin
only-sportswear,SortedByStudio/Only Sportswear
only-tease,SortedByStudio/Only Tease
only3-x-network,SortedByStudio/Only3X Network
only3-x-girls,SortedByStudio/Only3X Girls
only3-x-lost,SortedByStudio/Only3X Lost
only3-x-network,SortedByStudio/Only3X Network
only3-x-series,SortedByStudio/Only3X Series
only3-x-vr,SortedByStudio/Only3X VR
only-gold-digger,SortedByStudio/OnlyGoldDigger
porn-stream-live,SortedByStudio/PornStreamLive
pure-bj,SortedByStudio/PureBj
paper-street-sites,SortedByStudio/PaperStreet sites
pegas-productions-network,SortedByStudio/Pegas Productions Network
3-way-porn,SortedByStudio/3Way Porn
blow-me-in-pov,SortedByStudio/Blow me in POV
cutie-pussies,SortedByStudio/Cutie Pussies
fresh-and-innocent,SortedByStudio/Fresh and Innocent
fun-size-teen,SortedByStudio/FunSize Teen
let-s-fuck-outside,SortedByStudio/Let's Fuck Outside
lezzie-bff,SortedByStudio/Lezzie BFF
lust-eden,SortedByStudio/Lust Eden
nasty-rookies,SortedByStudio/Nasty Rookies
samantha-ardente,SortedByStudio/Samantha Ardente
sexy-knockers,SortedByStudio/Sexy Knockers
shake-the-snake,SortedByStudio/Shake the Snake
spice-my-sex-life,SortedByStudio/Spice my Sex Life
straight-in-the-ass,SortedByStudio/Straight in the Ass
perfect-gonzo,SortedByStudio/PerfectGonzo
all-internal,SortedByStudio/AllInternal
ass-traffic,SortedByStudio/AssTraffic
cum-for-cover,SortedByStudio/CumForCover
fist-flush,SortedByStudio/Fist Flush
milf-thing,SortedByStudio/MilfThing
prime-cups,SortedByStudio/PrimeCups
pure-pov,SortedByStudio/PurePOV
sperm-swap,SortedByStudio/SpermSwap
tamed-teens,SortedByStudio/TamedTeens
photodromm,SortedByStudio/Photodromm
pj-girls,SortedByStudio/PJGirls
playboy-plus,SortedByStudio/Playboy Plus
porn-mega-load,SortedByStudio/Porn Mega Load
scoreland,SortedByStudio/Scoreland
porn-pros,SortedByStudio/Porn Pros
18-years-old,SortedByStudio/18 Years Old
40oz-bounce,SortedByStudio/40oz Bounce
amateur-violations,SortedByStudio/Amateur Violations
cock-competition,SortedByStudio/Cock Competition
college-teens,SortedByStudio/College Teens
cruelty-party,SortedByStudio/Cruelty Party
cum-disgrace,SortedByStudio/Cum Disgrace
cumshot-surprise,SortedByStudio/Cumshot Surprise
deepthroat-love,SortedByStudio/Deepthroat Love
disgraced-18,SortedByStudio/Disgraced 18
euro-humpers,SortedByStudio/Euro Humpers
flexible-positions,SortedByStudio/Flexible Positions
freaks-of-boobs,SortedByStudio/Freaks Of Boobs
freaks-of-cock,SortedByStudio/Freaks Of Cock
jurassic-cock,SortedByStudio/Jurassic Cock
lol-cumshots,SortedByStudio/LOL Cumshots
massage-creep,SortedByStudio/Massage Creep
milf-humiliation,SortedByStudio/MILF Humiliation
pimp-parade,SortedByStudio/Pimp Parade
public-violations,SortedByStudio/Public Violations
real-ex-girlfriends,SortedByStudio/Real Ex-Girlfriends
shady-pi,SortedByStudio/Shady PI
squirt-disgrace,SortedByStudio/Squirt Disgrace
teen-bff,SortedByStudio/TeenBFF
webcam-hackers,SortedByStudio/Webcam Hackers
porn-pros-sites,SortedByStudio/Porn Pros sites
casting-couch-x,SortedByStudio/Casting Couch X
exotic4-k,SortedByStudio/Exotic4K
fantasy-hd,SortedByStudio/FantasyHD
holed,SortedByStudio/Holed
lubed,SortedByStudio/Lubed
my-very-first-time,SortedByStudio/My Very First Time
passion-hd,SortedByStudio/Passion-HD
povd,SortedByStudio/POVD
pure-mature,SortedByStudio/Pure Mature
tiny4k,SortedByStudio/Tiny4k
porn-world,SortedByStudio/Porn World
1-by-day,SortedByStudio/1By-Day
cherry-jul,SortedByStudio/Cherry Jul
ddf-babes,SortedByStudio/DDF Babes
ddf-beauties,SortedByStudio/DDF Beauties
ddf-busty,SortedByStudio/DDF Busty
ddf-hardcore,SortedByStudio/DDF Hardcore
ddf-network-vr,SortedByStudio/DDF Network VR
ddf-x-treme,SortedByStudio/DDF XTreme
euro-girls-on-girls,SortedByStudio/Euro Girls On Girls
euro-teen-erotica,SortedByStudio/Euro Teen Erotica
eve-angel-official,SortedByStudio/Eve Angel Official
hairy-twatter,SortedByStudio/Hairy Twatter
hands-on-hardcore,SortedByStudio/Hands-On Hardcore
hot-legs-and-feet,SortedByStudio/Hot Legs and Feet
house-of-taboo,SortedByStudio/House of Taboo
only-blow-job,SortedByStudio/Only BlowJob
sex-video-casting,SortedByStudio/Sex Video Casting
pov-central,SortedByStudio/POV Central
pretty4-ever,SortedByStudio/Pretty4Ever
puffy-network,SortedByStudio/Puffy Network
euro-babe-facials,SortedByStudio/EuroBabe Facials
simply-anal,SortedByStudio/Simply Anal
we-like-to-suck,SortedByStudio/We Like To Suck
wet-puffy,SortedByStudio/Wet & Puffy
wet-and-pissy,SortedByStudio/Wet and Pissy
purity-naked,SortedByStudio/Purity Naked
puta-locura,SortedByStudio/Puta Locura
real-sites,SortedByStudio/Real sites
glory-hole-swallow,SortedByStudio/Glory Hole Swallow
reality-kings,SortedByStudio/Reality Kings
40-inch-plus,SortedByStudio/40 inch plus
8th-street-latinas,SortedByStudio/8th Street Latinas
bad-tow-truck,SortedByStudio/Bad Tow Truck
big-naturals,SortedByStudio/Big Naturals
big-tits-boss,SortedByStudio/Big Tits Boss
bikini-crashers,SortedByStudio/Bikini Crashers
bikini-party,SortedByStudio/Bikini Party
captain-stabbin,SortedByStudio/Captain Stabbin
cfnm-secret,SortedByStudio/CFNM Secret
cum-fiesta,SortedByStudio/Cum Fiesta
cum-girls,SortedByStudio/Cum Girls
dangerous-dongs,SortedByStudio/Dangerous Dongs
euro-sex-parties,SortedByStudio/Euro Sex Parties
extreme-asses,SortedByStudio/Extreme Asses
extreme-naturals,SortedByStudio/Extreme Naturals
first-time-auditions,SortedByStudio/First Time Auditions
flower-tucci,SortedByStudio/Flower Tucci
girls-of-naked,SortedByStudio/Girls of Naked
happy-tugs2,SortedByStudio/Happy Tugs2
hd-love,SortedByStudio/HD Love
hot-bush,SortedByStudio/Hot Bush
in-the-vip,SortedByStudio/In The Vip
its-real2,SortedByStudio/Its Real2
mike-in-brazil,SortedByStudio/Mike In Brazil
mikes-apartment,SortedByStudio/Mikes Apartment
milf-hunter,SortedByStudio/Milf Hunter
milf-next-door,SortedByStudio/Milf Next Door
moms-bang-teens,SortedByStudio/Moms Bang Teens
moms-lick-teens,SortedByStudio/Moms Lick Teens
money-talks,SortedByStudio/Money Talks
monster-curves,SortedByStudio/Monster Curves
no-faces,SortedByStudio/No Faces
pure-18,SortedByStudio/Pure 18
real-orgasms,SortedByStudio/Real Orgasms
rk-prime,SortedByStudio/RK Prime
round-and-brown,SortedByStudio/Round And Brown
saturday-night-latinas,SortedByStudio/Saturday Night Latinas
see-my-wife,SortedByStudio/See My Wife
sneaky-sex,SortedByStudio/Sneaky Sex
street-blowjobs,SortedByStudio/Street Blowjobs
team-squirt,SortedByStudio/Team Squirt
teens-love-huge-cocks,SortedByStudio/Teens Love Huge Cocks
top-shelf-pussy,SortedByStudio/Top Shelf Pussy
vip-crew,SortedByStudio/VIP crew
we-live-together,SortedByStudio/We Live Together
wives-in-pantyhose,SortedByStudio/Wives In Pantyhose
sanktor,SortedByStudio/Sanktor
sapphic-sites,SortedByStudio/Sapphic sites
give-me-pink,SortedByStudio/GiveMePink
hannas-honeypot,SortedByStudio/Hannas Honeypot
infocus-girls,SortedByStudio/Infocus Girls
only-cuties,SortedByStudio/Only Cuties
sapphic-erotica,SortedByStudio/Sapphic Erotica
secret-virgin,SortedByStudio/SecretVirgin
seventeen,SortedByStudio/Seventeen
club-seventeen,SortedByStudio/Club Seventeen
seventeen-video,SortedByStudio/SeventeenVideo
sexy-babes-archived,SortedByStudio/Sexy Babes (archived)
showy-beauty,SortedByStudio/Showy Beauty
simonscans,SortedByStudio/Simonscans
skok-off,SortedByStudio/Skok Off
slim-4-k,SortedByStudio/Slim 4K
smash-pixxx,SortedByStudio/Smash Pixxx
black-it-on-up,SortedByStudio/Black It On Up
bus-stop-girls,SortedByStudio/Bus Stop Girls
dirty-parodies,SortedByStudio/Dirty Parodies
dirty-teen-idols,SortedByStudio/Dirty Teen Idols
hard-jerking-girls,SortedByStudio/Hard Jerking Girls
my-hot-nanny,SortedByStudio/My Hot Nanny
nurse-seductions,SortedByStudio/Nurse Seductions
secretary-seductions,SortedByStudio/Secretary Seductions
stocking-secrets,SortedByStudio/Stocking Secrets
taboo-desire,SortedByStudio/Taboo Desire
unfaithful-housewives,SortedByStudio/Unfaithful Housewives
whale-tail-bangers,SortedByStudio/WhaleTail Bangers
white-wife-black-cocks,SortedByStudio/White Wife Black Cocks
spizoo-network,SortedByStudio/Spizoo Network
club-regan-reese,SortedByStudio/ClubReganReese
drain-my-balls,SortedByStudio/DrainMyBalls
first-class-pov,SortedByStudio/FirstClassPOV
glamour-pornstar,SortedByStudio/GlamourPornstar
intimate-lesbians,SortedByStudio/IntimateLesbians
jessica-jaymes-xxx,SortedByStudio/JessicaJaymesXXX
johnny-castle-unleashed,SortedByStudio/JohnnyCastleUnleashed
pervert-college,SortedByStudio/PervertCollege
porn-goes-pro,SortedByStudio/PornGoesPro
pornstar-tease,SortedByStudio/PornstarTease
the-stripper-experience,SortedByStudio/TheStripperExperience
tiffany-brookes-xxx,SortedByStudio/TiffanyBrookesXXX
xxx-capri,SortedByStudio/XXXCapri
xxx-tanya-james,SortedByStudio/XXXTanyaJames
stasy-q,SortedByStudio/StasyQ
superbe-models,SortedByStudio/Superbe Models
suze-net,SortedByStudio/Suze.net
tainster,SortedByStudio/Tainster
all-wam,SortedByStudio/AllWam
cum-on-jugs,SortedByStudio/Cum on Jugs
cum-squad,SortedByStudio/Cum Squad
dream-honies,SortedByStudio/Dream Honies
drunk-sex-orgy,SortedByStudio/Drunk Sex Orgy
fisting-in-action,SortedByStudio/Fisting In Action
french-pee,SortedByStudio/French Pee
fully-clothed-pissing,SortedByStudio/Fully Clothed Pissing
fully-clothed-sex,SortedByStudio/Fully Clothed Sex
live-show,SortedByStudio/Live show
mad-sex-party,SortedByStudio/Mad Sex Party
my-fetish,SortedByStudio/My Fetish
orgasmatics,SortedByStudio/Orgasmatics
party-hardcore,SortedByStudio/Party Hardcore
party-softcore,SortedByStudio/Party Softcore
pee-squad,SortedByStudio/Pee Squad
pissing-in-action,SortedByStudio/Pissing in Action
pornstars-at-home,SortedByStudio/Pornstars at Home
power-of-feet,SortedByStudio/Power of Feet
quest-for-orgasm,SortedByStudio/Quest for Orgasm
slime-wave,SortedByStudio/Slime Wave
spunk-party,SortedByStudio/Spunk Party
tyrannized,SortedByStudio/Tyrannized
uk-hand-jobs,SortedByStudio/UK Hand Jobs
team-skeet,SortedByStudio/Team Skeet
bad-milfs,SortedByStudio/Bad Milfs
brace-faced,SortedByStudio/Brace Faced
cfnm-teens,SortedByStudio/CFNMTeens
dyked,SortedByStudio/Dyked
exxxtra-small,SortedByStudio/Exxxtra Small
her-freshman-year,SortedByStudio/Her Freshman Year
innocent-high,SortedByStudio/Innocent High
lust-hd,SortedByStudio/LustHD
my-babysitters-club,SortedByStudio/My Babysitters Club
oye-loca,SortedByStudio/Oye Loca
pov-life,SortedByStudio/POV Life
rub-a-teen,SortedByStudio/Rub A Teen
self-desire,SortedByStudio/Self Desire
she-s-new,SortedByStudio/She's New
solo-interviews,SortedByStudio/Solo Interviews
step-siblings,SortedByStudio/Step Siblings
teen-curves,SortedByStudio/Teen Curves
teen-pies,SortedByStudio/Teen Pies
teens-do-porn,SortedByStudio/Teens Do Porn
teens-love-anal,SortedByStudio/Teens Love Anal
teens-love-money,SortedByStudio/Teens Love Money
teeny-black,SortedByStudio/Teeny Black
the-real-workout,SortedByStudio/The Real Workout
this-girl-sucks,SortedByStudio/This Girl Sucks
titty-attack,SortedByStudio/Titty Attack
teen-dreams,SortedByStudio/Teen Dreams
teen-mega-world,SortedByStudio/Teen Mega World
18-first-sex,SortedByStudio/18 First Sex
about-girls-love,SortedByStudio/About Girls Love
anal-angels,SortedByStudio/Anal Angels
anal-beauty,SortedByStudio/Anal Beauty
at-movs,SortedByStudio/ATMovs
beauty-angels,SortedByStudio/Beauty Angels
beauty4-k,SortedByStudio/Beauty4K
creampie-angels,SortedByStudio/Creampie Angels
dirty-coach,SortedByStudio/Dirty Coach
dirty-doctor,SortedByStudio/Dirty Doctor
drunken-teen-orgies,SortedByStudio/Drunken Teen Orgies
el-porno-latino,SortedByStudio/el Porno Latino
ex-gf-box,SortedByStudio/Ex GF Box
first-bgg,SortedByStudio/First BGG
fuck-studies,SortedByStudio/Fuck Studies
gag-n-gape,SortedByStudio/Gag-n-Gape
home-teen-vids,SortedByStudio/Home Teen Vids
home-toy-teens,SortedByStudio/Home Toy Teens
lolly-hardcore,SortedByStudio/Lolly Hardcore
no-boring,SortedByStudio/No Boring
nubile-girls-hd,SortedByStudio/Nubile Girls HD
nylons-x,SortedByStudio/NylonsX
old-n-young,SortedByStudio/Old-n-Young
private-teen-video,SortedByStudio/Private Teen Video
raw-couples,SortedByStudio/Raw Couples
solo-teen-girls,SortedByStudio/Solo Teen Girls
squirting-virgin,SortedByStudio/Squirting Virgin
teen-sex-mania,SortedByStudio/Teen Sex Mania
teen-sex-movs,SortedByStudio/Teen Sex Movs
teen-stars-only,SortedByStudio/Teen Stars Only
teens-3-some,SortedByStudio/Teens 3 Some
they-didn-t-know,SortedByStudio/They Didn't Know
tmw-v-rnet,SortedByStudio/TmwVRnet
tricky-masseur,SortedByStudio/Tricky Masseur
watch-me-fucked,SortedByStudio/Watch Me Fucked
wow-orgasms,SortedByStudio/WOW Orgasms
x-angels,SortedByStudio/X Angels
teen-models,SortedByStudio/Teen Models
teenporn-sites,SortedByStudio/Teenporn sites
exclusive-teen-porn,SortedByStudio/Exclusive Teen Porn
teen-porn-storage,SortedByStudio/Teen Porn Storage
twistys,SortedByStudio/Twistys
twistys,SortedByStudio/Twistys
ultra-films,SortedByStudio/Ultra Films
vip-sex-vault,SortedByStudio/Vip Sex Vault
exposed-casting,SortedByStudio/Exposed Casting
fucked-in-traffic,SortedByStudio/Fucked In Traffic
los-consoladores,SortedByStudio/Los Consoladores
pinup-sex,SortedByStudio/Pinup Sex
porn-doe-pedia,SortedByStudio/PornDoe Pedia
vogov,SortedByStudio/Vogov
watch4-beauty,SortedByStudio/Watch4Beauty
we-are-hairy,SortedByStudio/We Are Hairy
woodman-casting-x,SortedByStudio/WoodmanCastingX
wow-girls,SortedByStudio/WowGirls
wow-porn,SortedByStudio/WowPorn
wtf-pass,SortedByStudio/WTFPass
college-fuck-parties,SortedByStudio/College Fuck Parties
dolls-porn,SortedByStudio/Dolls Porn
hard-fuck-girls,SortedByStudio/Hard Fuck Girls
hd-massage-porn,SortedByStudio/HD Massage Porn
meet-suck-fuck,SortedByStudio/Meet Suck & Fuck
panda-fuck,SortedByStudio/Panda Fuck
pickup-fuck,SortedByStudio/Pickup Fuck
porn-weekends,SortedByStudio/Porn Weekends
private-sex-tapes,SortedByStudio/Private Sex Tapes
public-sex-adventures,SortedByStudio/Public Sex Adventures
the-art-porn,SortedByStudio/The Art Porn
x-art,SortedByStudio/X-Art
x-dominant,SortedByStudio/XDominant
xxx-pawn,SortedByStudio/XXX Pawn
yonitale,SortedByStudio/Yonitale
zemani,SortedByStudio/Zemani
zishy,SortedByStudio/Zishy
